id;deck_id;user_id;created_at;updated_at;stability;difficulty;elapsed_days;scheduled_days;reps;lapses;state;due;last_review
bcc1ebbe-b381-42ee-8fa8-769ea9a17ec2;4c90c6af-f68d-4df5-9573-fc5ba0de72b2;01803f55-8bdf-4d94-b8be-14bcda04a8ff;2026-03-09 08:13:28.346174+00;2026-03-09 08:13:28.346174+00;0;0;0;0;0;0;0;2026-03-09 08:13:28.346174+00;
407e2d43-77d0-41f7-9b2b-e49ad5dde79c;6bcc331c-de05-4514-9451-1be4170fb4e4;01803f55-8bdf-4d94-b8be-14bcda04a8ff;2026-03-09 21:43:16.657362+00;2026-03-09 21:43:16.657362+00;0;0;0;0;0;0;0;2026-03-09 21:43:16.657362+00;
7f70f562-6768-4d2f-8586-08b919e20afc;6bcc331c-de05-4514-9451-1be4170fb4e4;01803f55-8bdf-4d94-b8be-14bcda04a8ff;2026-03-09 21:43:16.884678+00;2026-03-09 21:43:16.884678+00;0;0;0;0;0;0;0;2026-03-09 21:43:16.884678+00;
9d6988d3-028b-4532-ae24-928c61ab6a20;6bcc331c-de05-4514-9451-1be4170fb4e4;01803f55-8bdf-4d94-b8be-14bcda04a8ff;2026-03-09 21:43:16.995158+00;2026-03-09 21:43:16.995158+00;0;0;0;0;0;0;0;2026-03-09 21:43:16.995158+00;
63d9bb3c-9dd1-4ef5-972e-21e56f25d31d;6bcc331c-de05-4514-9451-1be4170fb4e4;01803f55-8bdf-4d94-b8be-14bcda04a8ff;2026-03-09 21:43:17.110942+00;2026-03-09 21:43:17.110942+00;0;0;0;0;0;0;0;2026-03-09 21:43:17.110942+00;
879819c2-1383-451c-b482-410641065e73;6bcc331c-de05-4514-9451-1be4170fb4e4;01803f55-8bdf-4d94-b8be-14bcda04a8ff;2026-03-09 21:43:17.240765+00;2026-03-09 21:43:17.240765+00;0;0;0;0;0;0;0;2026-03-09 21:43:17.240765+00;
71a68904-2168-4859-af54-69321f227392;6bcc331c-de05-4514-9451-1be4170fb4e4;01803f55-8bdf-4d94-b8be-14bcda04a8ff;2026-03-09 21:43:17.417643+00;2026-03-09 21:43:17.417643+00;0;0;0;0;0;0;0;2026-03-09 21:43:17.417643+00;
d797e0dd-5ce0-4ff0-89af-024c61444364;6bcc331c-de05-4514-9451-1be4170fb4e4;01803f55-8bdf-4d94-b8be-14bcda04a8ff;2026-03-09 21:43:17.561619+00;2026-03-09 21:43:17.561619+00;0;0;0;0;0;0;0;2026-03-09 21:43:17.561619+00;
e80d0b18-a578-4140-b239-733f0d9cd090;6bcc331c-de05-4514-9451-1be4170fb4e4;01803f55-8bdf-4d94-b8be-14bcda04a8ff;2026-03-09 21:43:17.692102+00;2026-03-09 21:43:17.692102+00;0;0;0;0;0;0;0;2026-03-09 21:43:17.692102+00;
20bc0201-dc0d-40f7-8243-1a0927b320d3;6bcc331c-de05-4514-9451-1be4170fb4e4;01803f55-8bdf-4d94-b8be-14bcda04a8ff;2026-03-09 21:43:17.877183+00;2026-03-09 21:43:17.877183+00;0;0;0;0;0;0;0;2026-03-09 21:43:17.877183+00;
617e167e-ffdc-48b3-b717-02cc3c46581c;6bcc331c-de05-4514-9451-1be4170fb4e4;01803f55-8bdf-4d94-b8be-14bcda04a8ff;2026-03-09 21:43:18.003584+00;2026-03-09 21:43:18.003584+00;0;0;0;0;0;0;0;2026-03-09 21:43:18.003584+00;
e6418282-9c5d-4518-bc55-7e58e7395abb;6bcc331c-de05-4514-9451-1be4170fb4e4;01803f55-8bdf-4d94-b8be-14bcda04a8ff;2026-03-09 21:43:18.128585+00;2026-03-09 21:43:18.128585+00;0;0;0;0;0;0;0;2026-03-09 21:43:18.128585+00;
fde3f380-b3c3-4b7b-a0fc-7622eadfe8d3;6bcc331c-de05-4514-9451-1be4170fb4e4;01803f55-8bdf-4d94-b8be-14bcda04a8ff;2026-03-09 21:43:18.257637+00;2026-03-09 21:43:18.257637+00;0;0;0;0;0;0;0;2026-03-09 21:43:18.257637+00;
5da51fda-d93a-472c-bcc6-9cfd550d408c;6bcc331c-de05-4514-9451-1be4170fb4e4;01803f55-8bdf-4d94-b8be-14bcda04a8ff;2026-03-09 21:43:18.478931+00;2026-03-09 21:43:18.478931+00;0;0;0;0;0;0;0;2026-03-09 21:43:18.478931+00;
f594d15c-7f25-4ce8-8e7b-c8e1e3f17698;6bcc331c-de05-4514-9451-1be4170fb4e4;01803f55-8bdf-4d94-b8be-14bcda04a8ff;2026-03-09 21:43:18.601667+00;2026-03-09 21:43:18.601667+00;0;0;0;0;0;0;0;2026-03-09 21:43:18.601667+00;
408d2229-a2ac-491a-91b8-cb32f4a1732f;6bcc331c-de05-4514-9451-1be4170fb4e4;01803f55-8bdf-4d94-b8be-14bcda04a8ff;2026-03-09 21:43:18.724052+00;2026-03-09 21:43:18.724052+00;0;0;0;0;0;0;0;2026-03-09 21:43:18.724052+00;
e16c75a6-88e6-48cd-84c1-523a83ae33df;6bcc331c-de05-4514-9451-1be4170fb4e4;01803f55-8bdf-4d94-b8be-14bcda04a8ff;2026-03-09 21:43:18.919559+00;2026-03-09 21:43:18.919559+00;0;0;0;0;0;0;0;2026-03-09 21:43:18.919559+00;
fa6803d9-5c07-406d-99b0-12cb00fb97b4;6bcc331c-de05-4514-9451-1be4170fb4e4;01803f55-8bdf-4d94-b8be-14bcda04a8ff;2026-03-09 21:43:19.0364+00;2026-03-09 21:43:19.0364+00;0;0;0;0;0;0;0;2026-03-09 21:43:19.0364+00;
4b3644bf-5a7d-4620-8e6d-296a4f85c8ad;6bcc331c-de05-4514-9451-1be4170fb4e4;01803f55-8bdf-4d94-b8be-14bcda04a8ff;2026-03-09 21:43:19.162697+00;2026-03-09 21:43:19.162697+00;0;0;0;0;0;0;0;2026-03-09 21:43:19.162697+00;
ff8fd41a-fd82-4ead-8544-4327608c68ff;6bcc331c-de05-4514-9451-1be4170fb4e4;01803f55-8bdf-4d94-b8be-14bcda04a8ff;2026-03-09 21:43:19.283358+00;2026-03-09 21:43:19.283358+00;0;0;0;0;0;0;0;2026-03-09 21:43:19.283358+00;
3b7539e9-6f5c-4f9e-8165-c0262e8a8416;6bcc331c-de05-4514-9451-1be4170fb4e4;01803f55-8bdf-4d94-b8be-14bcda04a8ff;2026-03-09 21:43:19.498303+00;2026-03-09 21:43:19.498303+00;0;0;0;0;0;0;0;2026-03-09 21:43:19.498303+00;
0bb2aef9-dec1-4d67-bea8-0d1516fdd03d;6bcc331c-de05-4514-9451-1be4170fb4e4;01803f55-8bdf-4d94-b8be-14bcda04a8ff;2026-03-09 21:43:19.616625+00;2026-03-09 21:43:19.616625+00;0;0;0;0;0;0;0;2026-03-09 21:43:19.616625+00;
19081e88-82c4-49a4-badb-148e7d156dae;6bcc331c-de05-4514-9451-1be4170fb4e4;01803f55-8bdf-4d94-b8be-14bcda04a8ff;2026-03-09 21:43:19.741667+00;2026-03-09 21:43:19.741667+00;0;0;0;0;0;0;0;2026-03-09 21:43:19.741667+00;
c262f38b-3bdd-4e1a-852f-39329ece2d12;6bcc331c-de05-4514-9451-1be4170fb4e4;01803f55-8bdf-4d94-b8be-14bcda04a8ff;2026-03-09 21:43:19.863518+00;2026-03-09 21:43:19.863518+00;0;0;0;0;0;0;0;2026-03-09 21:43:19.863518+00;
e961f319-e786-4842-a898-f9a92df10c68;6bcc331c-de05-4514-9451-1be4170fb4e4;01803f55-8bdf-4d94-b8be-14bcda04a8ff;2026-03-09 21:43:20.033963+00;2026-03-09 21:43:20.033963+00;0;0;0;0;0;0;0;2026-03-09 21:43:20.033963+00;
1299d0c7-1d9f-472a-8776-d1bf56de0a00;6bcc331c-de05-4514-9451-1be4170fb4e4;01803f55-8bdf-4d94-b8be-14bcda04a8ff;2026-03-09 21:43:20.155779+00;2026-03-09 21:43:20.155779+00;0;0;0;0;0;0;0;2026-03-09 21:43:20.155779+00;
cafaf865-3982-4c3f-9e99-20c10b9b6e22;6bcc331c-de05-4514-9451-1be4170fb4e4;01803f55-8bdf-4d94-b8be-14bcda04a8ff;2026-03-09 21:43:20.280677+00;2026-03-09 21:43:20.280677+00;0;0;0;0;0;0;0;2026-03-09 21:43:20.280677+00;
627781e7-d35c-40f7-98c6-50698337e322;6bcc331c-de05-4514-9451-1be4170fb4e4;01803f55-8bdf-4d94-b8be-14bcda04a8ff;2026-03-09 21:43:20.498837+00;2026-03-09 21:43:20.498837+00;0;0;0;0;0;0;0;2026-03-09 21:43:20.498837+00;
a0610cca-8737-4801-bbdc-124c93736d99;6bcc331c-de05-4514-9451-1be4170fb4e4;01803f55-8bdf-4d94-b8be-14bcda04a8ff;2026-03-09 21:43:20.621787+00;2026-03-09 21:43:20.621787+00;0;0;0;0;0;0;0;2026-03-09 21:43:20.621787+00;
602e1819-b7e1-4ccd-b640-54110cd9ef85;6bcc331c-de05-4514-9451-1be4170fb4e4;01803f55-8bdf-4d94-b8be-14bcda04a8ff;2026-03-09 21:43:20.750689+00;2026-03-09 21:43:20.750689+00;0;0;0;0;0;0;0;2026-03-09 21:43:20.750689+00;
b0d9f48a-68d5-4f72-b890-7a59e17dde32;6bcc331c-de05-4514-9451-1be4170fb4e4;01803f55-8bdf-4d94-b8be-14bcda04a8ff;2026-03-09 21:43:20.879147+00;2026-03-09 21:43:20.879147+00;0;0;0;0;0;0;0;2026-03-09 21:43:20.879147+00;
443c314e-e1a5-4a49-9925-24bd5e9de330;6bcc331c-de05-4514-9451-1be4170fb4e4;01803f55-8bdf-4d94-b8be-14bcda04a8ff;2026-03-09 21:43:21.083732+00;2026-03-09 21:43:21.083732+00;0;0;0;0;0;0;0;2026-03-09 21:43:21.083732+00;
8f3ed1ee-75d6-40cd-965e-8005b2787256;6bcc331c-de05-4514-9451-1be4170fb4e4;01803f55-8bdf-4d94-b8be-14bcda04a8ff;2026-03-09 21:43:21.218587+00;2026-03-09 21:43:21.218587+00;0;0;0;0;0;0;0;2026-03-09 21:43:21.218587+00;
e39d920b-0097-4082-a0a4-d60bbb97db49;6bcc331c-de05-4514-9451-1be4170fb4e4;01803f55-8bdf-4d94-b8be-14bcda04a8ff;2026-03-09 21:43:21.340656+00;2026-03-09 21:43:21.340656+00;0;0;0;0;0;0;0;2026-03-09 21:43:21.340656+00;
52391132-9d1f-403b-930e-ab38b9f84815;6bcc331c-de05-4514-9451-1be4170fb4e4;01803f55-8bdf-4d94-b8be-14bcda04a8ff;2026-03-09 21:43:21.547526+00;2026-03-09 21:43:21.547526+00;0;0;0;0;0;0;0;2026-03-09 21:43:21.547526+00;
0584e788-85bd-4085-afa1-b0d7448658dd;6bcc331c-de05-4514-9451-1be4170fb4e4;01803f55-8bdf-4d94-b8be-14bcda04a8ff;2026-03-09 21:43:21.676209+00;2026-03-09 21:43:21.676209+00;0;0;0;0;0;0;0;2026-03-09 21:43:21.676209+00;
34f42cf3-f7e4-4093-b034-64de20940247;6bcc331c-de05-4514-9451-1be4170fb4e4;01803f55-8bdf-4d94-b8be-14bcda04a8ff;2026-03-09 21:43:21.802959+00;2026-03-09 21:43:21.802959+00;0;0;0;0;0;0;0;2026-03-09 21:43:21.802959+00;
55e63d53-ef69-42ad-af5c-c19bea6eb910;6bcc331c-de05-4514-9451-1be4170fb4e4;01803f55-8bdf-4d94-b8be-14bcda04a8ff;2026-03-09 21:43:21.92897+00;2026-03-09 21:43:21.92897+00;0;0;0;0;0;0;0;2026-03-09 21:43:21.92897+00;
e927bfbb-bf3b-41aa-a232-6bda29afb1f7;6bcc331c-de05-4514-9451-1be4170fb4e4;01803f55-8bdf-4d94-b8be-14bcda04a8ff;2026-03-09 21:43:22.127645+00;2026-03-09 21:43:22.127645+00;0;0;0;0;0;0;0;2026-03-09 21:43:22.127645+00;
48276e2c-9772-42ed-a269-73073afad0cf;6bcc331c-de05-4514-9451-1be4170fb4e4;01803f55-8bdf-4d94-b8be-14bcda04a8ff;2026-03-09 21:43:22.250182+00;2026-03-09 21:43:22.250182+00;0;0;0;0;0;0;0;2026-03-09 21:43:22.250182+00;
0f3590af-2a9d-4587-9092-0d0588001c4d;6bcc331c-de05-4514-9451-1be4170fb4e4;01803f55-8bdf-4d94-b8be-14bcda04a8ff;2026-03-09 21:43:22.378318+00;2026-03-09 21:43:22.378318+00;0;0;0;0;0;0;0;2026-03-09 21:43:22.378318+00;
3697dd0a-15c5-4b5d-9eae-c14b03f20590;6bcc331c-de05-4514-9451-1be4170fb4e4;01803f55-8bdf-4d94-b8be-14bcda04a8ff;2026-03-09 21:43:22.59102+00;2026-03-09 21:43:22.59102+00;0;0;0;0;0;0;0;2026-03-09 21:43:22.59102+00;
5f29672e-9de7-424a-afcb-82d95dccdd25;6bcc331c-de05-4514-9451-1be4170fb4e4;01803f55-8bdf-4d94-b8be-14bcda04a8ff;2026-03-09 21:43:22.713691+00;2026-03-09 21:43:22.713691+00;0;0;0;0;0;0;0;2026-03-09 21:43:22.713691+00;
5e74686b-7802-46ce-ac88-11d7d37c649f;6bcc331c-de05-4514-9451-1be4170fb4e4;01803f55-8bdf-4d94-b8be-14bcda04a8ff;2026-03-09 21:43:22.837057+00;2026-03-09 21:43:22.837057+00;0;0;0;0;0;0;0;2026-03-09 21:43:22.837057+00;
3f11428a-baa9-4a02-b76f-02019736443e;6bcc331c-de05-4514-9451-1be4170fb4e4;01803f55-8bdf-4d94-b8be-14bcda04a8ff;2026-03-09 21:43:22.959392+00;2026-03-09 21:43:22.959392+00;0;0;0;0;0;0;0;2026-03-09 21:43:22.959392+00;
e82a134b-282f-424d-af45-443086952153;6bcc331c-de05-4514-9451-1be4170fb4e4;01803f55-8bdf-4d94-b8be-14bcda04a8ff;2026-03-09 21:43:23.171199+00;2026-03-09 21:43:23.171199+00;0;0;0;0;0;0;0;2026-03-09 21:43:23.171199+00;
b85f2837-9d7e-412c-87cc-49113fad8014;6bcc331c-de05-4514-9451-1be4170fb4e4;01803f55-8bdf-4d94-b8be-14bcda04a8ff;2026-03-09 21:43:23.296665+00;2026-03-09 21:43:23.296665+00;0;0;0;0;0;0;0;2026-03-09 21:43:23.296665+00;
5e73d2b3-2274-42bb-b4a3-13a613cbb0a9;6bcc331c-de05-4514-9451-1be4170fb4e4;01803f55-8bdf-4d94-b8be-14bcda04a8ff;2026-03-09 21:43:23.426725+00;2026-03-09 21:43:23.426725+00;0;0;0;0;0;0;0;2026-03-09 21:43:23.426725+00;
3f40b44c-25f5-43b8-b2ec-84273074e307;6bcc331c-de05-4514-9451-1be4170fb4e4;01803f55-8bdf-4d94-b8be-14bcda04a8ff;2026-03-09 21:43:24.232684+00;2026-03-09 21:43:24.232684+00;0;0;0;0;0;0;0;2026-03-09 21:43:24.232684+00;
83f0003e-88fb-431e-b07c-8278c1d9fd1a;6bcc331c-de05-4514-9451-1be4170fb4e4;01803f55-8bdf-4d94-b8be-14bcda04a8ff;2026-03-09 21:43:24.928068+00;2026-03-09 21:43:24.928068+00;0;0;0;0;0;0;0;2026-03-09 21:43:24.928068+00;
08dc883f-5381-4172-a9ce-d7de176b3e06;6bcc331c-de05-4514-9451-1be4170fb4e4;01803f55-8bdf-4d94-b8be-14bcda04a8ff;2026-03-09 21:43:25.602008+00;2026-03-09 21:43:25.602008+00;0;0;0;0;0;0;0;2026-03-09 21:43:25.602008+00;
450281eb-8555-4395-a042-56a266c3c0f6;6bcc331c-de05-4514-9451-1be4170fb4e4;01803f55-8bdf-4d94-b8be-14bcda04a8ff;2026-03-09 21:43:23.645736+00;2026-03-09 21:43:23.645736+00;0;0;0;0;0;0;0;2026-03-09 21:43:23.645736+00;
dcf2dbc5-09c5-4db0-9c16-54203208925f;6bcc331c-de05-4514-9451-1be4170fb4e4;01803f55-8bdf-4d94-b8be-14bcda04a8ff;2026-03-09 21:43:24.357036+00;2026-03-09 21:43:24.357036+00;0;0;0;0;0;0;0;2026-03-09 21:43:24.357036+00;
5eaf45ba-2fcc-468d-a0c6-a40c5e157a4b;6bcc331c-de05-4514-9451-1be4170fb4e4;01803f55-8bdf-4d94-b8be-14bcda04a8ff;2026-03-09 21:43:25.050404+00;2026-03-09 21:43:25.050404+00;0;0;0;0;0;0;0;2026-03-09 21:43:25.050404+00;
3cc85fb3-b6aa-40f6-8412-76116f79ed1b;6bcc331c-de05-4514-9451-1be4170fb4e4;01803f55-8bdf-4d94-b8be-14bcda04a8ff;2026-03-09 21:43:25.792679+00;2026-03-09 21:43:25.792679+00;0;0;0;0;0;0;0;2026-03-09 21:43:25.792679+00;
3f6f3378-ce61-406f-aeff-081b9ec28d9c;6bcc331c-de05-4514-9451-1be4170fb4e4;01803f55-8bdf-4d94-b8be-14bcda04a8ff;2026-03-09 21:43:23.778291+00;2026-03-09 21:43:23.778291+00;0;0;0;0;0;0;0;2026-03-09 21:43:23.778291+00;
51119cec-8a75-4768-b582-e8f6b79240d2;6bcc331c-de05-4514-9451-1be4170fb4e4;01803f55-8bdf-4d94-b8be-14bcda04a8ff;2026-03-09 21:43:24.488397+00;2026-03-09 21:43:24.488397+00;0;0;0;0;0;0;0;2026-03-09 21:43:24.488397+00;
3b943290-bc3a-4fbe-afde-703d18572387;6bcc331c-de05-4514-9451-1be4170fb4e4;01803f55-8bdf-4d94-b8be-14bcda04a8ff;2026-03-09 21:43:25.21227+00;2026-03-09 21:43:25.21227+00;0;0;0;0;0;0;0;2026-03-09 21:43:25.21227+00;
236234c0-8cdb-4b25-96f6-d6aaa976f4b3;6bcc331c-de05-4514-9451-1be4170fb4e4;01803f55-8bdf-4d94-b8be-14bcda04a8ff;2026-03-09 21:43:25.922055+00;2026-03-09 21:43:25.922055+00;0;0;0;0;0;0;0;2026-03-09 21:43:25.922055+00;
36b5fead-aac6-4bed-a333-18f6314d462a;6bcc331c-de05-4514-9451-1be4170fb4e4;01803f55-8bdf-4d94-b8be-14bcda04a8ff;2026-03-09 21:43:23.906778+00;2026-03-09 21:43:23.906778+00;0;0;0;0;0;0;0;2026-03-09 21:43:23.906778+00;
5019a5bc-3811-4887-83a7-174e13dc3eaf;6bcc331c-de05-4514-9451-1be4170fb4e4;01803f55-8bdf-4d94-b8be-14bcda04a8ff;2026-03-09 21:43:24.684744+00;2026-03-09 21:43:24.684744+00;0;0;0;0;0;0;0;2026-03-09 21:43:24.684744+00;
75e062c2-c328-4f29-8150-5cf3ef3777a1;6bcc331c-de05-4514-9451-1be4170fb4e4;01803f55-8bdf-4d94-b8be-14bcda04a8ff;2026-03-09 21:43:25.342684+00;2026-03-09 21:43:25.342684+00;0;0;0;0;0;0;0;2026-03-09 21:43:25.342684+00;
db9f13c8-b193-4427-99b0-3e63d389452f;6bcc331c-de05-4514-9451-1be4170fb4e4;01803f55-8bdf-4d94-b8be-14bcda04a8ff;2026-03-09 21:43:24.034541+00;2026-03-09 21:43:24.034541+00;0;0;0;0;0;0;0;2026-03-09 21:43:24.034541+00;
b9607604-39a6-426b-beec-a29b44b7662b;6bcc331c-de05-4514-9451-1be4170fb4e4;01803f55-8bdf-4d94-b8be-14bcda04a8ff;2026-03-09 21:43:24.812339+00;2026-03-09 21:43:24.812339+00;0;0;0;0;0;0;0;2026-03-09 21:43:24.812339+00;
eb1a2c07-0321-41bb-a94f-ca84d1a26df6;6bcc331c-de05-4514-9451-1be4170fb4e4;01803f55-8bdf-4d94-b8be-14bcda04a8ff;2026-03-09 21:43:25.474769+00;2026-03-09 21:43:25.474769+00;0;0;0;0;0;0;0;2026-03-09 21:43:25.474769+00;
4a582fa0-84d7-40ab-abba-85d2cb0f5ae0;6bcc331c-de05-4514-9451-1be4170fb4e4;01803f55-8bdf-4d94-b8be-14bcda04a8ff;2026-03-09 21:43:26.046073+00;2026-03-09 21:43:26.046073+00;0;0;0;0;0;0;0;2026-03-09 21:43:26.046073+00;
ab74074a-9d0d-4e83-b64c-968488429e74;6bcc331c-de05-4514-9451-1be4170fb4e4;01803f55-8bdf-4d94-b8be-14bcda04a8ff;2026-03-09 21:43:26.26115+00;2026-03-09 21:43:26.26115+00;0;0;0;0;0;0;0;2026-03-09 21:43:26.26115+00;
9b1c6732-5915-4790-a6a4-39d843d879ff;6bcc331c-de05-4514-9451-1be4170fb4e4;01803f55-8bdf-4d94-b8be-14bcda04a8ff;2026-03-09 21:43:26.383035+00;2026-03-09 21:43:26.383035+00;0;0;0;0;0;0;0;2026-03-09 21:43:26.383035+00;
d0ccbd4b-e0f5-42b4-bd78-7e8f3b4a0682;6bcc331c-de05-4514-9451-1be4170fb4e4;01803f55-8bdf-4d94-b8be-14bcda04a8ff;2026-03-09 21:43:26.511576+00;2026-03-09 21:43:26.511576+00;0;0;0;0;0;0;0;2026-03-09 21:43:26.511576+00;
052c30ea-5fe8-4f9a-bfaf-ac12a95a7c67;6bcc331c-de05-4514-9451-1be4170fb4e4;01803f55-8bdf-4d94-b8be-14bcda04a8ff;2026-03-09 21:43:26.640354+00;2026-03-09 21:43:26.640354+00;0;0;0;0;0;0;0;2026-03-09 21:43:26.640354+00;
85f7b467-2e14-476c-9fb2-223af94f6603;6bcc331c-de05-4514-9451-1be4170fb4e4;01803f55-8bdf-4d94-b8be-14bcda04a8ff;2026-03-09 21:43:26.845943+00;2026-03-09 21:43:26.845943+00;0;0;0;0;0;0;0;2026-03-09 21:43:26.845943+00;
b6c85995-3e65-4407-8900-2e06d13118e8;6bcc331c-de05-4514-9451-1be4170fb4e4;01803f55-8bdf-4d94-b8be-14bcda04a8ff;2026-03-09 21:43:26.957117+00;2026-03-09 21:43:26.957117+00;0;0;0;0;0;0;0;2026-03-09 21:43:26.957117+00;
46a59539-3d42-42d9-91d0-6ea60475f99a;6bcc331c-de05-4514-9451-1be4170fb4e4;01803f55-8bdf-4d94-b8be-14bcda04a8ff;2026-03-09 21:43:27.075306+00;2026-03-09 21:43:27.075306+00;0;0;0;0;0;0;0;2026-03-09 21:43:27.075306+00;
93fe47a6-db64-4927-9e1f-b1a93630c482;6bcc331c-de05-4514-9451-1be4170fb4e4;01803f55-8bdf-4d94-b8be-14bcda04a8ff;2026-03-09 21:43:27.205828+00;2026-03-09 21:43:27.205828+00;0;0;0;0;0;0;0;2026-03-09 21:43:27.205828+00;
e763b87d-b2da-4c53-880e-2090cd459a7a;6bcc331c-de05-4514-9451-1be4170fb4e4;01803f55-8bdf-4d94-b8be-14bcda04a8ff;2026-03-09 21:43:27.376883+00;2026-03-09 21:43:27.376883+00;0;0;0;0;0;0;0;2026-03-09 21:43:27.376883+00;
51df26c5-39e5-4b66-88d5-1d4be6096879;6bcc331c-de05-4514-9451-1be4170fb4e4;01803f55-8bdf-4d94-b8be-14bcda04a8ff;2026-03-09 21:43:27.501029+00;2026-03-09 21:43:27.501029+00;0;0;0;0;0;0;0;2026-03-09 21:43:27.501029+00;
15bc887b-e5fa-488d-8727-aa8bb5edef7a;6bcc331c-de05-4514-9451-1be4170fb4e4;01803f55-8bdf-4d94-b8be-14bcda04a8ff;2026-03-09 21:43:27.64376+00;2026-03-09 21:43:27.64376+00;0;0;0;0;0;0;0;2026-03-09 21:43:27.64376+00;
215df78e-de45-4339-8d0f-395d255dd548;6bcc331c-de05-4514-9451-1be4170fb4e4;01803f55-8bdf-4d94-b8be-14bcda04a8ff;2026-03-09 21:43:27.841089+00;2026-03-09 21:43:27.841089+00;0;0;0;0;0;0;0;2026-03-09 21:43:27.841089+00;
c7cb119f-157d-4da6-b7d0-c99c47f55b12;6bcc331c-de05-4514-9451-1be4170fb4e4;01803f55-8bdf-4d94-b8be-14bcda04a8ff;2026-03-09 21:43:27.979001+00;2026-03-09 21:43:27.979001+00;0;0;0;0;0;0;0;2026-03-09 21:43:27.979001+00;
9773509a-c68b-4d17-934b-52688a32d033;6bcc331c-de05-4514-9451-1be4170fb4e4;01803f55-8bdf-4d94-b8be-14bcda04a8ff;2026-03-09 21:43:28.10185+00;2026-03-09 21:43:28.10185+00;0;0;0;0;0;0;0;2026-03-09 21:43:28.10185+00;
d5973656-326c-4a03-b67a-c0f467a2b125;6bcc331c-de05-4514-9451-1be4170fb4e4;01803f55-8bdf-4d94-b8be-14bcda04a8ff;2026-03-09 21:43:28.229485+00;2026-03-09 21:43:28.229485+00;0;0;0;0;0;0;0;2026-03-09 21:43:28.229485+00;
813b5ef1-b4dc-47ef-8fb3-5132ec64c423;6bcc331c-de05-4514-9451-1be4170fb4e4;01803f55-8bdf-4d94-b8be-14bcda04a8ff;2026-03-09 21:43:28.41953+00;2026-03-09 21:43:28.41953+00;0;0;0;0;0;0;0;2026-03-09 21:43:28.41953+00;
8ee7abf2-5a23-48b8-945b-adfbde8505b6;6bcc331c-de05-4514-9451-1be4170fb4e4;01803f55-8bdf-4d94-b8be-14bcda04a8ff;2026-03-09 21:43:28.556186+00;2026-03-09 21:43:28.556186+00;0;0;0;0;0;0;0;2026-03-09 21:43:28.556186+00;
069100cd-8ac9-4521-8657-f42b621f3774;6bcc331c-de05-4514-9451-1be4170fb4e4;01803f55-8bdf-4d94-b8be-14bcda04a8ff;2026-03-09 21:43:28.68614+00;2026-03-09 21:43:28.68614+00;0;0;0;0;0;0;0;2026-03-09 21:43:28.68614+00;
2b636e88-bf8f-4fd5-b7a7-0469fb752781;6bcc331c-de05-4514-9451-1be4170fb4e4;01803f55-8bdf-4d94-b8be-14bcda04a8ff;2026-03-09 21:43:28.883294+00;2026-03-09 21:43:28.883294+00;0;0;0;0;0;0;0;2026-03-09 21:43:28.883294+00;
c1da665f-1467-415c-a169-836c06b0c552;6bcc331c-de05-4514-9451-1be4170fb4e4;01803f55-8bdf-4d94-b8be-14bcda04a8ff;2026-03-09 21:43:29.002453+00;2026-03-09 21:43:29.002453+00;0;0;0;0;0;0;0;2026-03-09 21:43:29.002453+00;
c65841e4-10f8-4735-92aa-1707b383d407;6bcc331c-de05-4514-9451-1be4170fb4e4;01803f55-8bdf-4d94-b8be-14bcda04a8ff;2026-03-09 21:43:29.139411+00;2026-03-09 21:43:29.139411+00;0;0;0;0;0;0;0;2026-03-09 21:43:29.139411+00;
2cd5e612-9b48-4d91-9aa3-d3d0527a89ab;6bcc331c-de05-4514-9451-1be4170fb4e4;01803f55-8bdf-4d94-b8be-14bcda04a8ff;2026-03-09 21:43:29.264934+00;2026-03-09 21:43:29.264934+00;0;0;0;0;0;0;0;2026-03-09 21:43:29.264934+00;
ada70a7b-8ca8-4639-949c-fc08c26e9560;6bcc331c-de05-4514-9451-1be4170fb4e4;01803f55-8bdf-4d94-b8be-14bcda04a8ff;2026-03-09 21:43:29.466909+00;2026-03-09 21:43:29.466909+00;0;0;0;0;0;0;0;2026-03-09 21:43:29.466909+00;
4511e3aa-3bef-488f-a402-d73749fa1fc2;6bcc331c-de05-4514-9451-1be4170fb4e4;01803f55-8bdf-4d94-b8be-14bcda04a8ff;2026-03-09 21:43:29.63526+00;2026-03-09 21:43:29.63526+00;0;0;0;0;0;0;0;2026-03-09 21:43:29.63526+00;
f582aa82-4f5e-4198-be86-61c4e62e38c0;6bcc331c-de05-4514-9451-1be4170fb4e4;01803f55-8bdf-4d94-b8be-14bcda04a8ff;2026-03-09 21:43:29.766661+00;2026-03-09 21:43:29.766661+00;0;0;0;0;0;0;0;2026-03-09 21:43:29.766661+00;
85284ea3-026d-46ec-91b5-94e9c81e3466;6bcc331c-de05-4514-9451-1be4170fb4e4;01803f55-8bdf-4d94-b8be-14bcda04a8ff;2026-03-09 21:43:29.935649+00;2026-03-09 21:43:29.935649+00;0;0;0;0;0;0;0;2026-03-09 21:43:29.935649+00;
722a110c-fea0-4c81-bed3-a41ccdd41c50;6bcc331c-de05-4514-9451-1be4170fb4e4;01803f55-8bdf-4d94-b8be-14bcda04a8ff;2026-03-09 21:43:30.066929+00;2026-03-09 21:43:30.066929+00;0;0;0;0;0;0;0;2026-03-09 21:43:30.066929+00;
116ab47a-b5be-4abb-8dfb-af85d0c92e40;6bcc331c-de05-4514-9451-1be4170fb4e4;01803f55-8bdf-4d94-b8be-14bcda04a8ff;2026-03-09 21:43:30.198328+00;2026-03-09 21:43:30.198328+00;0;0;0;0;0;0;0;2026-03-09 21:43:30.198328+00;
82cbaf25-5468-4ca7-afb1-fa5cc0dfef2d;6bcc331c-de05-4514-9451-1be4170fb4e4;01803f55-8bdf-4d94-b8be-14bcda04a8ff;2026-03-09 21:43:30.325386+00;2026-03-09 21:43:30.325386+00;0;0;0;0;0;0;0;2026-03-09 21:43:30.325386+00;
e038e830-785b-4b9f-9393-eb84086c6c04;6bcc331c-de05-4514-9451-1be4170fb4e4;01803f55-8bdf-4d94-b8be-14bcda04a8ff;2026-03-09 21:43:30.518283+00;2026-03-09 21:43:30.518283+00;0;0;0;0;0;0;0;2026-03-09 21:43:30.518283+00;
cebba054-13ff-4e87-b302-a368f858409e;6bcc331c-de05-4514-9451-1be4170fb4e4;01803f55-8bdf-4d94-b8be-14bcda04a8ff;2026-03-09 21:43:30.636671+00;2026-03-09 21:43:30.636671+00;0;0;0;0;0;0;0;2026-03-09 21:43:30.636671+00;
efcd1415-b491-44a1-8541-72ee59d8a535;6bcc331c-de05-4514-9451-1be4170fb4e4;01803f55-8bdf-4d94-b8be-14bcda04a8ff;2026-03-09 21:43:30.765879+00;2026-03-09 21:43:30.765879+00;0;0;0;0;0;0;0;2026-03-09 21:43:30.765879+00;
48c2fb1f-e370-4699-93ce-e6ac3da50404;6bcc331c-de05-4514-9451-1be4170fb4e4;01803f55-8bdf-4d94-b8be-14bcda04a8ff;2026-03-09 21:43:30.97518+00;2026-03-09 21:43:30.97518+00;0;0;0;0;0;0;0;2026-03-09 21:43:30.97518+00;
01e7adfb-91f5-4d11-b07a-4ca364f3ca60;6bcc331c-de05-4514-9451-1be4170fb4e4;01803f55-8bdf-4d94-b8be-14bcda04a8ff;2026-03-09 21:43:31.107791+00;2026-03-09 21:43:31.107791+00;0;0;0;0;0;0;0;2026-03-09 21:43:31.107791+00;
376aad87-03db-4f1b-891c-12c9560af380;6bcc331c-de05-4514-9451-1be4170fb4e4;01803f55-8bdf-4d94-b8be-14bcda04a8ff;2026-03-09 21:43:31.236809+00;2026-03-09 21:43:31.236809+00;0;0;0;0;0;0;0;2026-03-09 21:43:31.236809+00;
400b5ff1-b3c1-49a2-bdbb-237ab4211147;6bcc331c-de05-4514-9451-1be4170fb4e4;01803f55-8bdf-4d94-b8be-14bcda04a8ff;2026-03-09 21:43:31.376212+00;2026-03-09 21:43:31.376212+00;0;0;0;0;0;0;0;2026-03-09 21:43:31.376212+00;
8a123206-b910-4538-84b5-7e9d75451884;6bcc331c-de05-4514-9451-1be4170fb4e4;01803f55-8bdf-4d94-b8be-14bcda04a8ff;2026-03-09 21:43:31.564293+00;2026-03-09 21:43:31.564293+00;0;0;0;0;0;0;0;2026-03-09 21:43:31.564293+00;
e7a250d0-79a3-4323-a58c-1ff85d823310;6bcc331c-de05-4514-9451-1be4170fb4e4;01803f55-8bdf-4d94-b8be-14bcda04a8ff;2026-03-09 21:43:31.687954+00;2026-03-09 21:43:31.687954+00;0;0;0;0;0;0;0;2026-03-09 21:43:31.687954+00;
591be0ff-6ad1-40ab-84c8-ed85ff91adfb;6bcc331c-de05-4514-9451-1be4170fb4e4;01803f55-8bdf-4d94-b8be-14bcda04a8ff;2026-03-09 21:43:31.814681+00;2026-03-09 21:43:31.814681+00;0;0;0;0;0;0;0;2026-03-09 21:43:31.814681+00;
d434ecfc-8cb2-42b9-a9d8-b6eb551c79be;6bcc331c-de05-4514-9451-1be4170fb4e4;01803f55-8bdf-4d94-b8be-14bcda04a8ff;2026-03-09 21:43:32.029199+00;2026-03-09 21:43:32.029199+00;0;0;0;0;0;0;0;2026-03-09 21:43:32.029199+00;
6077822d-a480-489e-be6b-00120fbafd89;6bcc331c-de05-4514-9451-1be4170fb4e4;01803f55-8bdf-4d94-b8be-14bcda04a8ff;2026-03-09 21:43:32.157464+00;2026-03-09 21:43:32.157464+00;0;0;0;0;0;0;0;2026-03-09 21:43:32.157464+00;
16f36454-5a38-48ac-a704-9c7cad605160;6bcc331c-de05-4514-9451-1be4170fb4e4;01803f55-8bdf-4d94-b8be-14bcda04a8ff;2026-03-09 21:43:32.295041+00;2026-03-09 21:43:32.295041+00;0;0;0;0;0;0;0;2026-03-09 21:43:32.295041+00;
94e580f1-87f2-4647-8a08-50dd521bfc4e;6bcc331c-de05-4514-9451-1be4170fb4e4;01803f55-8bdf-4d94-b8be-14bcda04a8ff;2026-03-09 21:43:32.41458+00;2026-03-09 21:43:32.41458+00;0;0;0;0;0;0;0;2026-03-09 21:43:32.41458+00;
d8bbf034-bbe8-412e-9dc7-73b966f7238a;6bcc331c-de05-4514-9451-1be4170fb4e4;01803f55-8bdf-4d94-b8be-14bcda04a8ff;2026-03-09 21:43:32.618593+00;2026-03-09 21:43:32.618593+00;0;0;0;0;0;0;0;2026-03-09 21:43:32.618593+00;
1aaff205-0f44-45e6-b9fd-d885eecbff0f;6bcc331c-de05-4514-9451-1be4170fb4e4;01803f55-8bdf-4d94-b8be-14bcda04a8ff;2026-03-09 21:43:32.748479+00;2026-03-09 21:43:32.748479+00;0;0;0;0;0;0;0;2026-03-09 21:43:32.748479+00;
525f9f43-ddc0-45e6-941b-a2899437c215;6bcc331c-de05-4514-9451-1be4170fb4e4;01803f55-8bdf-4d94-b8be-14bcda04a8ff;2026-03-09 21:43:32.874964+00;2026-03-09 21:43:32.874964+00;0;0;0;0;0;0;0;2026-03-09 21:43:32.874964+00;
e5a20069-4ec4-4e8b-bf8b-541e37e52b7b;6bcc331c-de05-4514-9451-1be4170fb4e4;01803f55-8bdf-4d94-b8be-14bcda04a8ff;2026-03-09 21:43:33.072441+00;2026-03-09 21:43:33.072441+00;0;0;0;0;0;0;0;2026-03-09 21:43:33.072441+00;
1868c7bc-1874-478f-846f-872df6654d2e;6bcc331c-de05-4514-9451-1be4170fb4e4;01803f55-8bdf-4d94-b8be-14bcda04a8ff;2026-03-09 21:43:33.211267+00;2026-03-09 21:43:33.211267+00;0;0;0;0;0;0;0;2026-03-09 21:43:33.211267+00;
eae9d57e-4afe-4c12-898d-fb72b2f48681;6bcc331c-de05-4514-9451-1be4170fb4e4;01803f55-8bdf-4d94-b8be-14bcda04a8ff;2026-03-09 21:43:33.332445+00;2026-03-09 21:43:33.332445+00;0;0;0;0;0;0;0;2026-03-09 21:43:33.332445+00;
1985f3b5-f5de-4914-a16a-2bde9853281c;6bcc331c-de05-4514-9451-1be4170fb4e4;01803f55-8bdf-4d94-b8be-14bcda04a8ff;2026-03-09 21:43:33.456365+00;2026-03-09 21:43:33.456365+00;0;0;0;0;0;0;0;2026-03-09 21:43:33.456365+00;
a708a996-c3be-4b62-ad77-e3d2ca5169df;6bcc331c-de05-4514-9451-1be4170fb4e4;01803f55-8bdf-4d94-b8be-14bcda04a8ff;2026-03-09 21:43:33.665015+00;2026-03-09 21:43:33.665015+00;0;0;0;0;0;0;0;2026-03-09 21:43:33.665015+00;
1b6335f6-3f60-4403-97e4-b612be130aae;6bcc331c-de05-4514-9451-1be4170fb4e4;01803f55-8bdf-4d94-b8be-14bcda04a8ff;2026-03-09 21:43:33.787836+00;2026-03-09 21:43:33.787836+00;0;0;0;0;0;0;0;2026-03-09 21:43:33.787836+00;
49f4e263-0f1f-4787-bbd1-f142c2658529;6bcc331c-de05-4514-9451-1be4170fb4e4;01803f55-8bdf-4d94-b8be-14bcda04a8ff;2026-03-09 21:43:34.518618+00;2026-03-09 21:43:34.518618+00;0;0;0;0;0;0;0;2026-03-09 21:43:34.518618+00;
1b36ab9e-8c0b-4845-badd-27ea78b4edc0;6bcc331c-de05-4514-9451-1be4170fb4e4;01803f55-8bdf-4d94-b8be-14bcda04a8ff;2026-03-09 21:43:35.239753+00;2026-03-09 21:43:35.239753+00;0;0;0;0;0;0;0;2026-03-09 21:43:35.239753+00;
e1df5b1c-ba49-424c-9202-b6094431bd1d;6bcc331c-de05-4514-9451-1be4170fb4e4;01803f55-8bdf-4d94-b8be-14bcda04a8ff;2026-03-09 21:43:35.957509+00;2026-03-09 21:43:35.957509+00;0;0;0;0;0;0;0;2026-03-09 21:43:35.957509+00;
34064af1-c88f-4909-b6a4-d2e42832dbeb;6bcc331c-de05-4514-9451-1be4170fb4e4;01803f55-8bdf-4d94-b8be-14bcda04a8ff;2026-03-09 21:43:36.753137+00;2026-03-09 21:43:36.753137+00;0;0;0;0;0;0;0;2026-03-09 21:43:36.753137+00;
ac922967-9b6e-4724-98b4-12c6ee19c32f;6bcc331c-de05-4514-9451-1be4170fb4e4;01803f55-8bdf-4d94-b8be-14bcda04a8ff;2026-03-09 21:43:37.408075+00;2026-03-09 21:43:37.408075+00;0;0;0;0;0;0;0;2026-03-09 21:43:37.408075+00;
62f6bbc3-cd6e-49df-97c1-756a7759b64d;6bcc331c-de05-4514-9451-1be4170fb4e4;01803f55-8bdf-4d94-b8be-14bcda04a8ff;2026-03-09 21:43:38.108704+00;2026-03-09 21:43:38.108704+00;0;0;0;0;0;0;0;2026-03-09 21:43:38.108704+00;
98a7bd61-4927-4005-be7d-9cdd87393410;6bcc331c-de05-4514-9451-1be4170fb4e4;01803f55-8bdf-4d94-b8be-14bcda04a8ff;2026-03-09 21:43:38.903859+00;2026-03-09 21:43:38.903859+00;0;0;0;0;0;0;0;2026-03-09 21:43:38.903859+00;
c0794635-28e1-49b5-a1bf-be181affa53d;6bcc331c-de05-4514-9451-1be4170fb4e4;01803f55-8bdf-4d94-b8be-14bcda04a8ff;2026-03-09 21:43:39.609709+00;2026-03-09 21:43:39.609709+00;0;0;0;0;0;0;0;2026-03-09 21:43:39.609709+00;
1568c7e8-3028-45af-b98e-656868936096;6bcc331c-de05-4514-9451-1be4170fb4e4;01803f55-8bdf-4d94-b8be-14bcda04a8ff;2026-03-09 21:43:40.408082+00;2026-03-09 21:43:40.408082+00;0;0;0;0;0;0;0;2026-03-09 21:43:40.408082+00;
831e9d5c-e76f-4e50-b5a3-cfdd9e7f967e;6bcc331c-de05-4514-9451-1be4170fb4e4;01803f55-8bdf-4d94-b8be-14bcda04a8ff;2026-03-09 21:43:41.117923+00;2026-03-09 21:43:41.117923+00;0;0;0;0;0;0;0;2026-03-09 21:43:41.117923+00;
042bd613-b310-4d3e-bbc4-21454fdd07f4;6bcc331c-de05-4514-9451-1be4170fb4e4;01803f55-8bdf-4d94-b8be-14bcda04a8ff;2026-03-09 21:43:41.840658+00;2026-03-09 21:43:41.840658+00;0;0;0;0;0;0;0;2026-03-09 21:43:41.840658+00;
a671d926-0644-47f4-ac55-e834762da38f;6bcc331c-de05-4514-9451-1be4170fb4e4;01803f55-8bdf-4d94-b8be-14bcda04a8ff;2026-03-09 21:43:42.624616+00;2026-03-09 21:43:42.624616+00;0;0;0;0;0;0;0;2026-03-09 21:43:42.624616+00;
42e033c5-9523-44ce-9f3e-bbf23be2d893;6bcc331c-de05-4514-9451-1be4170fb4e4;01803f55-8bdf-4d94-b8be-14bcda04a8ff;2026-03-09 21:43:43.298939+00;2026-03-09 21:43:43.298939+00;0;0;0;0;0;0;0;2026-03-09 21:43:43.298939+00;
71d8ebeb-9511-4cac-a3e4-86ffb1c78bad;6bcc331c-de05-4514-9451-1be4170fb4e4;01803f55-8bdf-4d94-b8be-14bcda04a8ff;2026-03-09 21:43:44.088967+00;2026-03-09 21:43:44.088967+00;0;0;0;0;0;0;0;2026-03-09 21:43:44.088967+00;
7a3bd945-b65f-4c9e-ba33-143d87283144;6bcc331c-de05-4514-9451-1be4170fb4e4;01803f55-8bdf-4d94-b8be-14bcda04a8ff;2026-03-09 21:43:44.808745+00;2026-03-09 21:43:44.808745+00;0;0;0;0;0;0;0;2026-03-09 21:43:44.808745+00;
663b4eeb-4b46-4fe1-a7ce-193c6e6420b6;6bcc331c-de05-4514-9451-1be4170fb4e4;01803f55-8bdf-4d94-b8be-14bcda04a8ff;2026-03-09 21:43:45.508331+00;2026-03-09 21:43:45.508331+00;0;0;0;0;0;0;0;2026-03-09 21:43:45.508331+00;
9eaa4336-1619-4f3f-9a9e-65b04e473259;6bcc331c-de05-4514-9451-1be4170fb4e4;01803f55-8bdf-4d94-b8be-14bcda04a8ff;2026-03-09 21:43:46.317863+00;2026-03-09 21:43:46.317863+00;0;0;0;0;0;0;0;2026-03-09 21:43:46.317863+00;
88ec494a-2a7d-49a9-9a77-fd55bdb310b7;6bcc331c-de05-4514-9451-1be4170fb4e4;01803f55-8bdf-4d94-b8be-14bcda04a8ff;2026-03-09 21:43:47.019366+00;2026-03-09 21:43:47.019366+00;0;0;0;0;0;0;0;2026-03-09 21:43:47.019366+00;
781d0b9c-fdeb-4bc5-9fc3-a21e51e08ee4;6bcc331c-de05-4514-9451-1be4170fb4e4;01803f55-8bdf-4d94-b8be-14bcda04a8ff;2026-03-09 21:43:47.814901+00;2026-03-09 21:43:47.814901+00;0;0;0;0;0;0;0;2026-03-09 21:43:47.814901+00;
753814ec-7b56-46ad-bac7-223312921a34;6bcc331c-de05-4514-9451-1be4170fb4e4;01803f55-8bdf-4d94-b8be-14bcda04a8ff;2026-03-09 21:43:48.552976+00;2026-03-09 21:43:48.552976+00;0;0;0;0;0;0;0;2026-03-09 21:43:48.552976+00;
a5d2b375-0d19-48dc-86b9-1342e47fce73;6bcc331c-de05-4514-9451-1be4170fb4e4;01803f55-8bdf-4d94-b8be-14bcda04a8ff;2026-03-09 21:43:49.238144+00;2026-03-09 21:43:49.238144+00;0;0;0;0;0;0;0;2026-03-09 21:43:49.238144+00;
b0ec49b7-b5a0-41b4-af60-393b9c56ab9f;6bcc331c-de05-4514-9451-1be4170fb4e4;01803f55-8bdf-4d94-b8be-14bcda04a8ff;2026-03-09 21:43:49.973105+00;2026-03-09 21:43:49.973105+00;0;0;0;0;0;0;0;2026-03-09 21:43:49.973105+00;
65a0f840-ecd3-4a14-ae8b-8d64608a6d27;6bcc331c-de05-4514-9451-1be4170fb4e4;01803f55-8bdf-4d94-b8be-14bcda04a8ff;2026-03-09 21:43:50.702534+00;2026-03-09 21:43:50.702534+00;0;0;0;0;0;0;0;2026-03-09 21:43:50.702534+00;
8106f520-fc2b-4806-98f2-82308d881efa;6bcc331c-de05-4514-9451-1be4170fb4e4;01803f55-8bdf-4d94-b8be-14bcda04a8ff;2026-03-09 21:43:51.42603+00;2026-03-09 21:43:51.42603+00;0;0;0;0;0;0;0;2026-03-09 21:43:51.42603+00;
a75fe3c1-fd60-43af-8591-09dbc791a1ab;6bcc331c-de05-4514-9451-1be4170fb4e4;01803f55-8bdf-4d94-b8be-14bcda04a8ff;2026-03-09 21:43:52.071641+00;2026-03-09 21:43:52.071641+00;0;0;0;0;0;0;0;2026-03-09 21:43:52.071641+00;
cd0a2aa1-925c-4442-ba1b-e541e6c50f6a;6bcc331c-de05-4514-9451-1be4170fb4e4;01803f55-8bdf-4d94-b8be-14bcda04a8ff;2026-03-09 21:43:52.799966+00;2026-03-09 21:43:52.799966+00;0;0;0;0;0;0;0;2026-03-09 21:43:52.799966+00;
9896ea0d-2837-487f-b5e6-570194bffc75;6bcc331c-de05-4514-9451-1be4170fb4e4;01803f55-8bdf-4d94-b8be-14bcda04a8ff;2026-03-09 21:43:53.591554+00;2026-03-09 21:43:53.591554+00;0;0;0;0;0;0;0;2026-03-09 21:43:53.591554+00;
0e18673f-95f5-4bc1-9efb-ac4d9f05cde9;6bcc331c-de05-4514-9451-1be4170fb4e4;01803f55-8bdf-4d94-b8be-14bcda04a8ff;2026-03-09 21:43:54.302977+00;2026-03-09 21:43:54.302977+00;0;0;0;0;0;0;0;2026-03-09 21:43:54.302977+00;
f047dc49-ad17-4a36-850b-b07b668c845d;6bcc331c-de05-4514-9451-1be4170fb4e4;01803f55-8bdf-4d94-b8be-14bcda04a8ff;2026-03-09 21:43:55.007167+00;2026-03-09 21:43:55.007167+00;0;0;0;0;0;0;0;2026-03-09 21:43:55.007167+00;
42cc26e7-2899-4830-a49e-547e1bab6c29;6bcc331c-de05-4514-9451-1be4170fb4e4;01803f55-8bdf-4d94-b8be-14bcda04a8ff;2026-03-09 21:43:55.745679+00;2026-03-09 21:43:55.745679+00;0;0;0;0;0;0;0;2026-03-09 21:43:55.745679+00;
dc31e191-12a3-4bf3-b59f-d4d00b25f84d;6bcc331c-de05-4514-9451-1be4170fb4e4;01803f55-8bdf-4d94-b8be-14bcda04a8ff;2026-03-09 21:43:56.442409+00;2026-03-09 21:43:56.442409+00;0;0;0;0;0;0;0;2026-03-09 21:43:56.442409+00;
6fe3eb64-85fb-4b13-8e96-2806fd390f4e;6bcc331c-de05-4514-9451-1be4170fb4e4;01803f55-8bdf-4d94-b8be-14bcda04a8ff;2026-03-09 21:43:57.190923+00;2026-03-09 21:43:57.190923+00;0;0;0;0;0;0;0;2026-03-09 21:43:57.190923+00;
ef2bf0f8-bb0f-4a29-8943-f11be9e63ee8;6bcc331c-de05-4514-9451-1be4170fb4e4;01803f55-8bdf-4d94-b8be-14bcda04a8ff;2026-03-09 21:43:57.888998+00;2026-03-09 21:43:57.888998+00;0;0;0;0;0;0;0;2026-03-09 21:43:57.888998+00;
ac6b8b8c-18c3-44f8-99fa-0547cd285492;6bcc331c-de05-4514-9451-1be4170fb4e4;01803f55-8bdf-4d94-b8be-14bcda04a8ff;2026-03-09 21:43:58.631992+00;2026-03-09 21:43:58.631992+00;0;0;0;0;0;0;0;2026-03-09 21:43:58.631992+00;
baf64895-3805-40dc-927a-07fcb207c67f;6bcc331c-de05-4514-9451-1be4170fb4e4;01803f55-8bdf-4d94-b8be-14bcda04a8ff;2026-03-09 21:43:59.446273+00;2026-03-09 21:43:59.446273+00;0;0;0;0;0;0;0;2026-03-09 21:43:59.446273+00;
999f9603-39b2-458e-9e72-14d50285b80b;6bcc331c-de05-4514-9451-1be4170fb4e4;01803f55-8bdf-4d94-b8be-14bcda04a8ff;2026-03-09 21:44:00.137045+00;2026-03-09 21:44:00.137045+00;0;0;0;0;0;0;0;2026-03-09 21:44:00.137045+00;
64b4d559-13a4-49df-a4a3-b9a0fe67ea16;6bcc331c-de05-4514-9451-1be4170fb4e4;01803f55-8bdf-4d94-b8be-14bcda04a8ff;2026-03-09 21:44:00.917119+00;2026-03-09 21:44:00.917119+00;0;0;0;0;0;0;0;2026-03-09 21:44:00.917119+00;
4fc6c5c6-63de-412f-8fa4-7876756c885b;6bcc331c-de05-4514-9451-1be4170fb4e4;01803f55-8bdf-4d94-b8be-14bcda04a8ff;2026-03-09 21:44:01.651573+00;2026-03-09 21:44:01.651573+00;0;0;0;0;0;0;0;2026-03-09 21:44:01.651573+00;
10f354f1-7fc8-4844-bba8-66b633cc7c58;6bcc331c-de05-4514-9451-1be4170fb4e4;01803f55-8bdf-4d94-b8be-14bcda04a8ff;2026-03-09 21:44:02.319483+00;2026-03-09 21:44:02.319483+00;0;0;0;0;0;0;0;2026-03-09 21:44:02.319483+00;
bd58bcee-cfd7-46fc-a227-b59c8a27df24;6bcc331c-de05-4514-9451-1be4170fb4e4;01803f55-8bdf-4d94-b8be-14bcda04a8ff;2026-03-09 21:44:03.011423+00;2026-03-09 21:44:03.011423+00;0;0;0;0;0;0;0;2026-03-09 21:44:03.011423+00;
efb340e4-fd40-46f2-a9f5-f04cf6fb419c;6bcc331c-de05-4514-9451-1be4170fb4e4;01803f55-8bdf-4d94-b8be-14bcda04a8ff;2026-03-09 21:44:03.725472+00;2026-03-09 21:44:03.725472+00;0;0;0;0;0;0;0;2026-03-09 21:44:03.725472+00;
8c2416bb-dcff-46c9-b960-8ed6e7ec5df5;6bcc331c-de05-4514-9451-1be4170fb4e4;01803f55-8bdf-4d94-b8be-14bcda04a8ff;2026-03-09 21:44:04.530312+00;2026-03-09 21:44:04.530312+00;0;0;0;0;0;0;0;2026-03-09 21:44:04.530312+00;
7e4450a5-1732-4c71-a060-5e25bf766042;6bcc331c-de05-4514-9451-1be4170fb4e4;01803f55-8bdf-4d94-b8be-14bcda04a8ff;2026-03-09 21:44:05.248837+00;2026-03-09 21:44:05.248837+00;0;0;0;0;0;0;0;2026-03-09 21:44:05.248837+00;
51180e52-5fe5-4a27-8e25-bb0012b0935a;6bcc331c-de05-4514-9451-1be4170fb4e4;01803f55-8bdf-4d94-b8be-14bcda04a8ff;2026-03-09 21:43:33.914063+00;2026-03-09 21:43:33.914063+00;0;0;0;0;0;0;0;2026-03-09 21:43:33.914063+00;
4e5c65a3-c70f-413b-a1a9-1d442a5c3a71;6bcc331c-de05-4514-9451-1be4170fb4e4;01803f55-8bdf-4d94-b8be-14bcda04a8ff;2026-03-09 21:43:34.714153+00;2026-03-09 21:43:34.714153+00;0;0;0;0;0;0;0;2026-03-09 21:43:34.714153+00;
0c5761fa-c5b0-4246-89db-33f0b4476a52;6bcc331c-de05-4514-9451-1be4170fb4e4;01803f55-8bdf-4d94-b8be-14bcda04a8ff;2026-03-09 21:43:35.370138+00;2026-03-09 21:43:35.370138+00;0;0;0;0;0;0;0;2026-03-09 21:43:35.370138+00;
50a5d511-158f-406e-b9a5-43f2ff3ab6d2;6bcc331c-de05-4514-9451-1be4170fb4e4;01803f55-8bdf-4d94-b8be-14bcda04a8ff;2026-03-09 21:43:36.073608+00;2026-03-09 21:43:36.073608+00;0;0;0;0;0;0;0;2026-03-09 21:43:36.073608+00;
1d367d82-00e3-4f39-8599-cadd9c67bb7e;6bcc331c-de05-4514-9451-1be4170fb4e4;01803f55-8bdf-4d94-b8be-14bcda04a8ff;2026-03-09 21:43:36.874296+00;2026-03-09 21:43:36.874296+00;0;0;0;0;0;0;0;2026-03-09 21:43:36.874296+00;
8fdd8cf2-aa50-4a4b-8254-60b944751400;6bcc331c-de05-4514-9451-1be4170fb4e4;01803f55-8bdf-4d94-b8be-14bcda04a8ff;2026-03-09 21:43:37.530464+00;2026-03-09 21:43:37.530464+00;0;0;0;0;0;0;0;2026-03-09 21:43:37.530464+00;
137486a9-2edc-4dfa-b131-8fa72a9c063d;6bcc331c-de05-4514-9451-1be4170fb4e4;01803f55-8bdf-4d94-b8be-14bcda04a8ff;2026-03-09 21:43:39.022035+00;2026-03-09 21:43:39.022035+00;0;0;0;0;0;0;0;2026-03-09 21:43:39.022035+00;
7991688f-ce27-4f87-8853-66282c0450d8;6bcc331c-de05-4514-9451-1be4170fb4e4;01803f55-8bdf-4d94-b8be-14bcda04a8ff;2026-03-09 21:43:39.743178+00;2026-03-09 21:43:39.743178+00;0;0;0;0;0;0;0;2026-03-09 21:43:39.743178+00;
ad2f00fe-b4e9-4f49-97f7-586977f3a604;6bcc331c-de05-4514-9451-1be4170fb4e4;01803f55-8bdf-4d94-b8be-14bcda04a8ff;2026-03-09 21:43:40.533087+00;2026-03-09 21:43:40.533087+00;0;0;0;0;0;0;0;2026-03-09 21:43:40.533087+00;
3eebac09-63c8-44ea-8105-3dd5930cefaf;6bcc331c-de05-4514-9451-1be4170fb4e4;01803f55-8bdf-4d94-b8be-14bcda04a8ff;2026-03-09 21:43:41.250374+00;2026-03-09 21:43:41.250374+00;0;0;0;0;0;0;0;2026-03-09 21:43:41.250374+00;
59efbe22-4642-4a69-8404-5e033c5aefce;6bcc331c-de05-4514-9451-1be4170fb4e4;01803f55-8bdf-4d94-b8be-14bcda04a8ff;2026-03-09 21:43:42.049489+00;2026-03-09 21:43:42.049489+00;0;0;0;0;0;0;0;2026-03-09 21:43:42.049489+00;
46e7a6f4-c7c2-4192-aca3-b85f04bbd8ae;6bcc331c-de05-4514-9451-1be4170fb4e4;01803f55-8bdf-4d94-b8be-14bcda04a8ff;2026-03-09 21:43:42.745161+00;2026-03-09 21:43:42.745161+00;0;0;0;0;0;0;0;2026-03-09 21:43:42.745161+00;
c04db9b6-e575-478f-ace5-edb691140fd6;6bcc331c-de05-4514-9451-1be4170fb4e4;01803f55-8bdf-4d94-b8be-14bcda04a8ff;2026-03-09 21:43:43.432294+00;2026-03-09 21:43:43.432294+00;0;0;0;0;0;0;0;2026-03-09 21:43:43.432294+00;
74ce26f8-e111-48ea-84a8-20fcee73fa98;6bcc331c-de05-4514-9451-1be4170fb4e4;01803f55-8bdf-4d94-b8be-14bcda04a8ff;2026-03-09 21:43:44.234647+00;2026-03-09 21:43:44.234647+00;0;0;0;0;0;0;0;2026-03-09 21:43:44.234647+00;
8177ea47-451e-4289-a35c-4b02617d4788;6bcc331c-de05-4514-9451-1be4170fb4e4;01803f55-8bdf-4d94-b8be-14bcda04a8ff;2026-03-09 21:43:44.930042+00;2026-03-09 21:43:44.930042+00;0;0;0;0;0;0;0;2026-03-09 21:43:44.930042+00;
d87214dd-d440-46a2-bba1-c59beef693b9;6bcc331c-de05-4514-9451-1be4170fb4e4;01803f55-8bdf-4d94-b8be-14bcda04a8ff;2026-03-09 21:43:45.722702+00;2026-03-09 21:43:45.722702+00;0;0;0;0;0;0;0;2026-03-09 21:43:45.722702+00;
ccf423b3-306f-4ded-b220-ee747b6beb1b;6bcc331c-de05-4514-9451-1be4170fb4e4;01803f55-8bdf-4d94-b8be-14bcda04a8ff;2026-03-09 21:43:46.44934+00;2026-03-09 21:43:46.44934+00;0;0;0;0;0;0;0;2026-03-09 21:43:46.44934+00;
72095c3f-010d-4ffd-a921-13c4e23dc0db;6bcc331c-de05-4514-9451-1be4170fb4e4;01803f55-8bdf-4d94-b8be-14bcda04a8ff;2026-03-09 21:43:47.219562+00;2026-03-09 21:43:47.219562+00;0;0;0;0;0;0;0;2026-03-09 21:43:47.219562+00;
ed1cb4bd-db6f-47a2-994e-15408ea51a54;6bcc331c-de05-4514-9451-1be4170fb4e4;01803f55-8bdf-4d94-b8be-14bcda04a8ff;2026-03-09 21:43:47.940179+00;2026-03-09 21:43:47.940179+00;0;0;0;0;0;0;0;2026-03-09 21:43:47.940179+00;
c25bf6bf-fcac-431b-bc92-12171e7699bd;6bcc331c-de05-4514-9451-1be4170fb4e4;01803f55-8bdf-4d94-b8be-14bcda04a8ff;2026-03-09 21:43:48.685004+00;2026-03-09 21:43:48.685004+00;0;0;0;0;0;0;0;2026-03-09 21:43:48.685004+00;
27e18d57-778a-4837-a00e-8ccf698f0994;6bcc331c-de05-4514-9451-1be4170fb4e4;01803f55-8bdf-4d94-b8be-14bcda04a8ff;2026-03-09 21:43:49.391861+00;2026-03-09 21:43:49.391861+00;0;0;0;0;0;0;0;2026-03-09 21:43:49.391861+00;
224fe6fb-d763-46fe-a051-5bb8304de28d;6bcc331c-de05-4514-9451-1be4170fb4e4;01803f55-8bdf-4d94-b8be-14bcda04a8ff;2026-03-09 21:43:50.107597+00;2026-03-09 21:43:50.107597+00;0;0;0;0;0;0;0;2026-03-09 21:43:50.107597+00;
267c0d57-2795-47f1-b463-dd1cd163c3d7;6bcc331c-de05-4514-9451-1be4170fb4e4;01803f55-8bdf-4d94-b8be-14bcda04a8ff;2026-03-09 21:43:50.90299+00;2026-03-09 21:43:50.90299+00;0;0;0;0;0;0;0;2026-03-09 21:43:50.90299+00;
7eabcdff-770f-404b-a160-bc113469da01;6bcc331c-de05-4514-9451-1be4170fb4e4;01803f55-8bdf-4d94-b8be-14bcda04a8ff;2026-03-09 21:43:52.193613+00;2026-03-09 21:43:52.193613+00;0;0;0;0;0;0;0;2026-03-09 21:43:52.193613+00;
82c2c0fc-1845-4a70-aaaa-cbeab4f16b71;6bcc331c-de05-4514-9451-1be4170fb4e4;01803f55-8bdf-4d94-b8be-14bcda04a8ff;2026-03-09 21:43:53.00161+00;2026-03-09 21:43:53.00161+00;0;0;0;0;0;0;0;2026-03-09 21:43:53.00161+00;
be68b9ca-3a89-4a6c-a9c9-695951803935;6bcc331c-de05-4514-9451-1be4170fb4e4;01803f55-8bdf-4d94-b8be-14bcda04a8ff;2026-03-09 21:43:53.727447+00;2026-03-09 21:43:53.727447+00;0;0;0;0;0;0;0;2026-03-09 21:43:53.727447+00;
96f092ea-b3b6-4b4b-af74-ab204da38715;6bcc331c-de05-4514-9451-1be4170fb4e4;01803f55-8bdf-4d94-b8be-14bcda04a8ff;2026-03-09 21:43:54.427677+00;2026-03-09 21:43:54.427677+00;0;0;0;0;0;0;0;2026-03-09 21:43:54.427677+00;
95b69774-8869-4bfd-ac1a-7d0f589480c4;6bcc331c-de05-4514-9451-1be4170fb4e4;01803f55-8bdf-4d94-b8be-14bcda04a8ff;2026-03-09 21:43:55.165473+00;2026-03-09 21:43:55.165473+00;0;0;0;0;0;0;0;2026-03-09 21:43:55.165473+00;
43c830b3-20e1-4331-bca0-9c2a5bcb3183;6bcc331c-de05-4514-9451-1be4170fb4e4;01803f55-8bdf-4d94-b8be-14bcda04a8ff;2026-03-09 21:43:55.863967+00;2026-03-09 21:43:55.863967+00;0;0;0;0;0;0;0;2026-03-09 21:43:55.863967+00;
8458dda8-b620-4a08-be32-9c76426fb887;6bcc331c-de05-4514-9451-1be4170fb4e4;01803f55-8bdf-4d94-b8be-14bcda04a8ff;2026-03-09 21:43:56.561574+00;2026-03-09 21:43:56.561574+00;0;0;0;0;0;0;0;2026-03-09 21:43:56.561574+00;
7d0aacae-1c31-4ec1-b8b9-2b382a57891d;6bcc331c-de05-4514-9451-1be4170fb4e4;01803f55-8bdf-4d94-b8be-14bcda04a8ff;2026-03-09 21:43:57.310044+00;2026-03-09 21:43:57.310044+00;0;0;0;0;0;0;0;2026-03-09 21:43:57.310044+00;
8d561bd8-38ef-41eb-b5db-f2e22e3dce73;6bcc331c-de05-4514-9451-1be4170fb4e4;01803f55-8bdf-4d94-b8be-14bcda04a8ff;2026-03-09 21:43:58.005852+00;2026-03-09 21:43:58.005852+00;0;0;0;0;0;0;0;2026-03-09 21:43:58.005852+00;
a8bd70d7-da30-4b7d-a551-1212779bfb4d;6bcc331c-de05-4514-9451-1be4170fb4e4;01803f55-8bdf-4d94-b8be-14bcda04a8ff;2026-03-09 21:43:58.840169+00;2026-03-09 21:43:58.840169+00;0;0;0;0;0;0;0;2026-03-09 21:43:58.840169+00;
0fe2528f-324e-4a3d-b631-384c5793ddb6;6bcc331c-de05-4514-9451-1be4170fb4e4;01803f55-8bdf-4d94-b8be-14bcda04a8ff;2026-03-09 21:43:59.57316+00;2026-03-09 21:43:59.57316+00;0;0;0;0;0;0;0;2026-03-09 21:43:59.57316+00;
a2a6cd03-adb7-4e22-8ae8-3ecaa09e6fe0;6bcc331c-de05-4514-9451-1be4170fb4e4;01803f55-8bdf-4d94-b8be-14bcda04a8ff;2026-03-09 21:44:00.343722+00;2026-03-09 21:44:00.343722+00;0;0;0;0;0;0;0;2026-03-09 21:44:00.343722+00;
13436800-6000-4006-82ef-6caf52983fd4;6bcc331c-de05-4514-9451-1be4170fb4e4;01803f55-8bdf-4d94-b8be-14bcda04a8ff;2026-03-09 21:44:01.031876+00;2026-03-09 21:44:01.031876+00;0;0;0;0;0;0;0;2026-03-09 21:44:01.031876+00;
a4306650-6d4b-4d64-879e-428978920f43;6bcc331c-de05-4514-9451-1be4170fb4e4;01803f55-8bdf-4d94-b8be-14bcda04a8ff;2026-03-09 21:44:01.793086+00;2026-03-09 21:44:01.793086+00;0;0;0;0;0;0;0;2026-03-09 21:44:01.793086+00;
ab76f96b-97cc-4f18-9f67-a20a119da58e;6bcc331c-de05-4514-9451-1be4170fb4e4;01803f55-8bdf-4d94-b8be-14bcda04a8ff;2026-03-09 21:44:02.493737+00;2026-03-09 21:44:02.493737+00;0;0;0;0;0;0;0;2026-03-09 21:44:02.493737+00;
2ea38e33-aaac-4899-abb8-fd773a42a4cb;6bcc331c-de05-4514-9451-1be4170fb4e4;01803f55-8bdf-4d94-b8be-14bcda04a8ff;2026-03-09 21:44:03.142288+00;2026-03-09 21:44:03.142288+00;0;0;0;0;0;0;0;2026-03-09 21:44:03.142288+00;
421cf103-4d24-41e1-babd-6a5ffa06f7f9;6bcc331c-de05-4514-9451-1be4170fb4e4;01803f55-8bdf-4d94-b8be-14bcda04a8ff;2026-03-09 21:44:03.843578+00;2026-03-09 21:44:03.843578+00;0;0;0;0;0;0;0;2026-03-09 21:44:03.843578+00;
8d5317e1-175e-40c5-a63c-586b31c5a709;6bcc331c-de05-4514-9451-1be4170fb4e4;01803f55-8bdf-4d94-b8be-14bcda04a8ff;2026-03-09 21:44:04.67807+00;2026-03-09 21:44:04.67807+00;0;0;0;0;0;0;0;2026-03-09 21:44:04.67807+00;
d413bda9-8665-42c6-aa1b-83609444a52b;6bcc331c-de05-4514-9451-1be4170fb4e4;01803f55-8bdf-4d94-b8be-14bcda04a8ff;2026-03-09 21:44:05.403436+00;2026-03-09 21:44:05.403436+00;0;0;0;0;0;0;0;2026-03-09 21:44:05.403436+00;
e82339e9-baf2-46ea-a147-98ac3d94bdef;6bcc331c-de05-4514-9451-1be4170fb4e4;01803f55-8bdf-4d94-b8be-14bcda04a8ff;2026-03-09 21:43:34.122855+00;2026-03-09 21:43:34.122855+00;0;0;0;0;0;0;0;2026-03-09 21:43:34.122855+00;
52b67baa-bd60-44c0-9b30-19e4b077d9d8;6bcc331c-de05-4514-9451-1be4170fb4e4;01803f55-8bdf-4d94-b8be-14bcda04a8ff;2026-03-09 21:43:34.836134+00;2026-03-09 21:43:34.836134+00;0;0;0;0;0;0;0;2026-03-09 21:43:34.836134+00;
95f765f5-fcef-4920-b15f-dd2d2ce69a37;6bcc331c-de05-4514-9451-1be4170fb4e4;01803f55-8bdf-4d94-b8be-14bcda04a8ff;2026-03-09 21:43:35.502359+00;2026-03-09 21:43:35.502359+00;0;0;0;0;0;0;0;2026-03-09 21:43:35.502359+00;
d96c9a57-c3e9-46d5-9fc8-30d0ef9f412d;6bcc331c-de05-4514-9451-1be4170fb4e4;01803f55-8bdf-4d94-b8be-14bcda04a8ff;2026-03-09 21:43:36.291449+00;2026-03-09 21:43:36.291449+00;0;0;0;0;0;0;0;2026-03-09 21:43:36.291449+00;
c154585d-99e5-492e-9d8b-90fce4ad3a38;6bcc331c-de05-4514-9451-1be4170fb4e4;01803f55-8bdf-4d94-b8be-14bcda04a8ff;2026-03-09 21:43:36.986676+00;2026-03-09 21:43:36.986676+00;0;0;0;0;0;0;0;2026-03-09 21:43:36.986676+00;
9f91d113-2a03-40be-813d-7701d3f2ca77;6bcc331c-de05-4514-9451-1be4170fb4e4;01803f55-8bdf-4d94-b8be-14bcda04a8ff;2026-03-09 21:43:37.651666+00;2026-03-09 21:43:37.651666+00;0;0;0;0;0;0;0;2026-03-09 21:43:37.651666+00;
299c3deb-d3bc-4658-aa56-525ce2b2fb57;6bcc331c-de05-4514-9451-1be4170fb4e4;01803f55-8bdf-4d94-b8be-14bcda04a8ff;2026-03-09 21:43:39.147364+00;2026-03-09 21:43:39.147364+00;0;0;0;0;0;0;0;2026-03-09 21:43:39.147364+00;
6fcfe2c4-3997-4aa5-ac1d-50a289c319dd;6bcc331c-de05-4514-9451-1be4170fb4e4;01803f55-8bdf-4d94-b8be-14bcda04a8ff;2026-03-09 21:43:39.947207+00;2026-03-09 21:43:39.947207+00;0;0;0;0;0;0;0;2026-03-09 21:43:39.947207+00;
2fbfd686-7525-41fc-acfa-200c1626b311;6bcc331c-de05-4514-9451-1be4170fb4e4;01803f55-8bdf-4d94-b8be-14bcda04a8ff;2026-03-09 21:43:40.656444+00;2026-03-09 21:43:40.656444+00;0;0;0;0;0;0;0;2026-03-09 21:43:40.656444+00;
a3943970-cd9d-4b0f-a7a2-b6aa12df54c2;6bcc331c-de05-4514-9451-1be4170fb4e4;01803f55-8bdf-4d94-b8be-14bcda04a8ff;2026-03-09 21:43:41.463913+00;2026-03-09 21:43:41.463913+00;0;0;0;0;0;0;0;2026-03-09 21:43:41.463913+00;
e0cee765-8568-441a-8584-8e57ea27a4c5;6bcc331c-de05-4514-9451-1be4170fb4e4;01803f55-8bdf-4d94-b8be-14bcda04a8ff;2026-03-09 21:43:42.172445+00;2026-03-09 21:43:42.172445+00;0;0;0;0;0;0;0;2026-03-09 21:43:42.172445+00;
1a2f7880-8307-485d-9473-077d8e94aad3;6bcc331c-de05-4514-9451-1be4170fb4e4;01803f55-8bdf-4d94-b8be-14bcda04a8ff;2026-03-09 21:43:42.871284+00;2026-03-09 21:43:42.871284+00;0;0;0;0;0;0;0;2026-03-09 21:43:42.871284+00;
125f7b6c-1935-4afc-b911-298bbebf1d80;6bcc331c-de05-4514-9451-1be4170fb4e4;01803f55-8bdf-4d94-b8be-14bcda04a8ff;2026-03-09 21:43:43.63239+00;2026-03-09 21:43:43.63239+00;0;0;0;0;0;0;0;2026-03-09 21:43:43.63239+00;
0f0cbb0d-805b-48b8-80dd-875fb7b56d79;6bcc331c-de05-4514-9451-1be4170fb4e4;01803f55-8bdf-4d94-b8be-14bcda04a8ff;2026-03-09 21:43:44.363866+00;2026-03-09 21:43:44.363866+00;0;0;0;0;0;0;0;2026-03-09 21:43:44.363866+00;
c20be79e-cef2-454f-bd4e-3565abd2cb2a;6bcc331c-de05-4514-9451-1be4170fb4e4;01803f55-8bdf-4d94-b8be-14bcda04a8ff;2026-03-09 21:43:45.131882+00;2026-03-09 21:43:45.131882+00;0;0;0;0;0;0;0;2026-03-09 21:43:45.131882+00;
e953fb3a-ecf6-4139-8d45-c0ee3949e6eb;6bcc331c-de05-4514-9451-1be4170fb4e4;01803f55-8bdf-4d94-b8be-14bcda04a8ff;2026-03-09 21:43:45.859095+00;2026-03-09 21:43:45.859095+00;0;0;0;0;0;0;0;2026-03-09 21:43:45.859095+00;
d4645567-f95d-4a29-9689-8c1e237f6f48;6bcc331c-de05-4514-9451-1be4170fb4e4;01803f55-8bdf-4d94-b8be-14bcda04a8ff;2026-03-09 21:43:46.577486+00;2026-03-09 21:43:46.577486+00;0;0;0;0;0;0;0;2026-03-09 21:43:46.577486+00;
72ba2ae4-17be-4f4e-b659-3098e9092ee7;6bcc331c-de05-4514-9451-1be4170fb4e4;01803f55-8bdf-4d94-b8be-14bcda04a8ff;2026-03-09 21:43:47.354284+00;2026-03-09 21:43:47.354284+00;0;0;0;0;0;0;0;2026-03-09 21:43:47.354284+00;
91458918-286d-4452-aaba-2b46fe0a53c3;6bcc331c-de05-4514-9451-1be4170fb4e4;01803f55-8bdf-4d94-b8be-14bcda04a8ff;2026-03-09 21:43:48.063867+00;2026-03-09 21:43:48.063867+00;0;0;0;0;0;0;0;2026-03-09 21:43:48.063867+00;
d3590cfe-308b-41a0-b355-4ed7110ea179;6bcc331c-de05-4514-9451-1be4170fb4e4;01803f55-8bdf-4d94-b8be-14bcda04a8ff;2026-03-09 21:43:48.867292+00;2026-03-09 21:43:48.867292+00;0;0;0;0;0;0;0;2026-03-09 21:43:48.867292+00;
c7f797ff-1bcd-447e-a7ca-e19e89ab209b;6bcc331c-de05-4514-9451-1be4170fb4e4;01803f55-8bdf-4d94-b8be-14bcda04a8ff;2026-03-09 21:43:49.52134+00;2026-03-09 21:43:49.52134+00;0;0;0;0;0;0;0;2026-03-09 21:43:49.52134+00;
f5845a2b-03f4-445b-a1e5-c0a117dfee4b;6bcc331c-de05-4514-9451-1be4170fb4e4;01803f55-8bdf-4d94-b8be-14bcda04a8ff;2026-03-09 21:43:50.244644+00;2026-03-09 21:43:50.244644+00;0;0;0;0;0;0;0;2026-03-09 21:43:50.244644+00;
36695b79-3a42-44bf-8a2f-59aa74fe9a11;6bcc331c-de05-4514-9451-1be4170fb4e4;01803f55-8bdf-4d94-b8be-14bcda04a8ff;2026-03-09 21:43:51.024645+00;2026-03-09 21:43:51.024645+00;0;0;0;0;0;0;0;2026-03-09 21:43:51.024645+00;
54f361a9-f7ba-4698-982d-d8e81cb98091;6bcc331c-de05-4514-9451-1be4170fb4e4;01803f55-8bdf-4d94-b8be-14bcda04a8ff;2026-03-09 21:43:51.662694+00;2026-03-09 21:43:51.662694+00;0;0;0;0;0;0;0;2026-03-09 21:43:51.662694+00;
5ea27207-31cb-4c71-9ddb-7a2c154009dd;6bcc331c-de05-4514-9451-1be4170fb4e4;01803f55-8bdf-4d94-b8be-14bcda04a8ff;2026-03-09 21:43:52.316356+00;2026-03-09 21:43:52.316356+00;0;0;0;0;0;0;0;2026-03-09 21:43:52.316356+00;
0be09dc6-2596-495a-98cb-0498a10796a6;6bcc331c-de05-4514-9451-1be4170fb4e4;01803f55-8bdf-4d94-b8be-14bcda04a8ff;2026-03-09 21:43:53.152004+00;2026-03-09 21:43:53.152004+00;0;0;0;0;0;0;0;2026-03-09 21:43:53.152004+00;
f82dacb1-d957-4bc2-a2fe-d481ae7f2600;6bcc331c-de05-4514-9451-1be4170fb4e4;01803f55-8bdf-4d94-b8be-14bcda04a8ff;2026-03-09 21:43:53.858658+00;2026-03-09 21:43:53.858658+00;0;0;0;0;0;0;0;2026-03-09 21:43:53.858658+00;
d865ee35-c02a-4be6-b693-1f5771c8ff43;6bcc331c-de05-4514-9451-1be4170fb4e4;01803f55-8bdf-4d94-b8be-14bcda04a8ff;2026-03-09 21:43:54.634562+00;2026-03-09 21:43:54.634562+00;0;0;0;0;0;0;0;2026-03-09 21:43:54.634562+00;
8404a048-1bf2-4d97-9eef-98e116403b6b;6bcc331c-de05-4514-9451-1be4170fb4e4;01803f55-8bdf-4d94-b8be-14bcda04a8ff;2026-03-09 21:43:55.287951+00;2026-03-09 21:43:55.287951+00;0;0;0;0;0;0;0;2026-03-09 21:43:55.287951+00;
13d0b46c-f42a-4bd7-9bc3-cb046404f86c;6bcc331c-de05-4514-9451-1be4170fb4e4;01803f55-8bdf-4d94-b8be-14bcda04a8ff;2026-03-09 21:43:56.000314+00;2026-03-09 21:43:56.000314+00;0;0;0;0;0;0;0;2026-03-09 21:43:56.000314+00;
bb518bc7-3ee5-47f1-a692-08cbf638ea15;6bcc331c-de05-4514-9451-1be4170fb4e4;01803f55-8bdf-4d94-b8be-14bcda04a8ff;2026-03-09 21:43:56.740748+00;2026-03-09 21:43:56.740748+00;0;0;0;0;0;0;0;2026-03-09 21:43:56.740748+00;
598ea0c4-6d0d-4e7b-b5e5-c265e39c38f8;6bcc331c-de05-4514-9451-1be4170fb4e4;01803f55-8bdf-4d94-b8be-14bcda04a8ff;2026-03-09 21:43:57.438103+00;2026-03-09 21:43:57.438103+00;0;0;0;0;0;0;0;2026-03-09 21:43:57.438103+00;
cecc811f-c970-4823-9cfd-fc1ee3198e1c;6bcc331c-de05-4514-9451-1be4170fb4e4;01803f55-8bdf-4d94-b8be-14bcda04a8ff;2026-03-09 21:43:58.230302+00;2026-03-09 21:43:58.230302+00;0;0;0;0;0;0;0;2026-03-09 21:43:58.230302+00;
d70609cd-6459-4cbd-8042-cc3552e31a5f;6bcc331c-de05-4514-9451-1be4170fb4e4;01803f55-8bdf-4d94-b8be-14bcda04a8ff;2026-03-09 21:43:58.96909+00;2026-03-09 21:43:58.96909+00;0;0;0;0;0;0;0;2026-03-09 21:43:58.96909+00;
19a6ac2e-4fde-4582-ac64-8f39c3c2d2c6;6bcc331c-de05-4514-9451-1be4170fb4e4;01803f55-8bdf-4d94-b8be-14bcda04a8ff;2026-03-09 21:43:59.696787+00;2026-03-09 21:43:59.696787+00;0;0;0;0;0;0;0;2026-03-09 21:43:59.696787+00;
93fcf549-bb4e-47aa-91cb-6c30c1e8122c;6bcc331c-de05-4514-9451-1be4170fb4e4;01803f55-8bdf-4d94-b8be-14bcda04a8ff;2026-03-09 21:44:00.462912+00;2026-03-09 21:44:00.462912+00;0;0;0;0;0;0;0;2026-03-09 21:44:00.462912+00;
dee3ea9b-5a5c-4513-929e-9272046e1f12;6bcc331c-de05-4514-9451-1be4170fb4e4;01803f55-8bdf-4d94-b8be-14bcda04a8ff;2026-03-09 21:44:01.169219+00;2026-03-09 21:44:01.169219+00;0;0;0;0;0;0;0;2026-03-09 21:44:01.169219+00;
3ec247b2-5aa5-4f7b-8452-e49433eb254d;6bcc331c-de05-4514-9451-1be4170fb4e4;01803f55-8bdf-4d94-b8be-14bcda04a8ff;2026-03-09 21:44:01.964527+00;2026-03-09 21:44:01.964527+00;0;0;0;0;0;0;0;2026-03-09 21:44:01.964527+00;
6fa6dff1-102c-4ee0-941a-91d91362f127;6bcc331c-de05-4514-9451-1be4170fb4e4;01803f55-8bdf-4d94-b8be-14bcda04a8ff;2026-03-09 21:44:02.617099+00;2026-03-09 21:44:02.617099+00;0;0;0;0;0;0;0;2026-03-09 21:44:02.617099+00;
8caaeba5-9bd6-4416-8194-5ef8faf45c13;6bcc331c-de05-4514-9451-1be4170fb4e4;01803f55-8bdf-4d94-b8be-14bcda04a8ff;2026-03-09 21:44:03.282282+00;2026-03-09 21:44:03.282282+00;0;0;0;0;0;0;0;2026-03-09 21:44:03.282282+00;
fd479451-7e0c-4ec7-89fe-f9bad56e275a;6bcc331c-de05-4514-9451-1be4170fb4e4;01803f55-8bdf-4d94-b8be-14bcda04a8ff;2026-03-09 21:44:04.062284+00;2026-03-09 21:44:04.062284+00;0;0;0;0;0;0;0;2026-03-09 21:44:04.062284+00;
8edf75d8-5147-4762-ac64-add64f559d54;6bcc331c-de05-4514-9451-1be4170fb4e4;01803f55-8bdf-4d94-b8be-14bcda04a8ff;2026-03-09 21:44:04.821783+00;2026-03-09 21:44:04.821783+00;0;0;0;0;0;0;0;2026-03-09 21:44:04.821783+00;
1ddc6c15-8ee8-4035-83d3-ce7f8dbbca43;6bcc331c-de05-4514-9451-1be4170fb4e4;01803f55-8bdf-4d94-b8be-14bcda04a8ff;2026-03-09 21:44:05.579004+00;2026-03-09 21:44:05.579004+00;0;0;0;0;0;0;0;2026-03-09 21:44:05.579004+00;
e777e6c1-3e53-4891-a478-21ae79d65ded;6bcc331c-de05-4514-9451-1be4170fb4e4;01803f55-8bdf-4d94-b8be-14bcda04a8ff;2026-03-09 21:43:34.250786+00;2026-03-09 21:43:34.250786+00;0;0;0;0;0;0;0;2026-03-09 21:43:34.250786+00;
c425cb6d-a661-4b3e-a27c-2ffdd877938e;6bcc331c-de05-4514-9451-1be4170fb4e4;01803f55-8bdf-4d94-b8be-14bcda04a8ff;2026-03-09 21:43:34.947664+00;2026-03-09 21:43:34.947664+00;0;0;0;0;0;0;0;2026-03-09 21:43:34.947664+00;
aaf2381b-484a-46c8-83c3-08365d0c51bf;6bcc331c-de05-4514-9451-1be4170fb4e4;01803f55-8bdf-4d94-b8be-14bcda04a8ff;2026-03-09 21:43:35.702504+00;2026-03-09 21:43:35.702504+00;0;0;0;0;0;0;0;2026-03-09 21:43:35.702504+00;
84733936-d24c-428f-a54a-09d2670868e0;6bcc331c-de05-4514-9451-1be4170fb4e4;01803f55-8bdf-4d94-b8be-14bcda04a8ff;2026-03-09 21:43:36.422669+00;2026-03-09 21:43:36.422669+00;0;0;0;0;0;0;0;2026-03-09 21:43:36.422669+00;
4881ec92-675a-46be-ac46-bcf06230b73f;6bcc331c-de05-4514-9451-1be4170fb4e4;01803f55-8bdf-4d94-b8be-14bcda04a8ff;2026-03-09 21:43:37.102522+00;2026-03-09 21:43:37.102522+00;0;0;0;0;0;0;0;2026-03-09 21:43:37.102522+00;
03b413e2-a63d-41f5-829f-7a95250f8252;6bcc331c-de05-4514-9451-1be4170fb4e4;01803f55-8bdf-4d94-b8be-14bcda04a8ff;2026-03-09 21:43:37.86545+00;2026-03-09 21:43:37.86545+00;0;0;0;0;0;0;0;2026-03-09 21:43:37.86545+00;
ee22d912-3591-4621-aad4-d63a0485b005;6bcc331c-de05-4514-9451-1be4170fb4e4;01803f55-8bdf-4d94-b8be-14bcda04a8ff;2026-03-09 21:43:38.567823+00;2026-03-09 21:43:38.567823+00;0;0;0;0;0;0;0;2026-03-09 21:43:38.567823+00;
5f6d334c-5a92-4c4d-9001-94fce35f4a1e;6bcc331c-de05-4514-9451-1be4170fb4e4;01803f55-8bdf-4d94-b8be-14bcda04a8ff;2026-03-09 21:43:39.361742+00;2026-03-09 21:43:39.361742+00;0;0;0;0;0;0;0;2026-03-09 21:43:39.361742+00;
dde2fbbe-bf4d-4f31-b416-24fbae8f0111;6bcc331c-de05-4514-9451-1be4170fb4e4;01803f55-8bdf-4d94-b8be-14bcda04a8ff;2026-03-09 21:43:40.079106+00;2026-03-09 21:43:40.079106+00;0;0;0;0;0;0;0;2026-03-09 21:43:40.079106+00;
ec4e1844-d3e7-4a38-a09b-1a4cff005a45;6bcc331c-de05-4514-9451-1be4170fb4e4;01803f55-8bdf-4d94-b8be-14bcda04a8ff;2026-03-09 21:43:40.785114+00;2026-03-09 21:43:40.785114+00;0;0;0;0;0;0;0;2026-03-09 21:43:40.785114+00;
341a720b-bcab-4bf0-ba4b-6908dab31ee8;6bcc331c-de05-4514-9451-1be4170fb4e4;01803f55-8bdf-4d94-b8be-14bcda04a8ff;2026-03-09 21:43:41.590335+00;2026-03-09 21:43:41.590335+00;0;0;0;0;0;0;0;2026-03-09 21:43:41.590335+00;
9242342c-81a9-4913-853d-d9e756ca8201;6bcc331c-de05-4514-9451-1be4170fb4e4;01803f55-8bdf-4d94-b8be-14bcda04a8ff;2026-03-09 21:43:42.298458+00;2026-03-09 21:43:42.298458+00;0;0;0;0;0;0;0;2026-03-09 21:43:42.298458+00;
80ed5297-dbb4-400c-9f74-cba835115fba;6bcc331c-de05-4514-9451-1be4170fb4e4;01803f55-8bdf-4d94-b8be-14bcda04a8ff;2026-03-09 21:43:43.039701+00;2026-03-09 21:43:43.039701+00;0;0;0;0;0;0;0;2026-03-09 21:43:43.039701+00;
60dc739c-fd1c-4497-8066-7ef24c3b4a23;6bcc331c-de05-4514-9451-1be4170fb4e4;01803f55-8bdf-4d94-b8be-14bcda04a8ff;2026-03-09 21:43:43.763833+00;2026-03-09 21:43:43.763833+00;0;0;0;0;0;0;0;2026-03-09 21:43:43.763833+00;
d4658d9a-5dd3-4c1b-a0b9-ec0c374daffc;6bcc331c-de05-4514-9451-1be4170fb4e4;01803f55-8bdf-4d94-b8be-14bcda04a8ff;2026-03-09 21:43:44.498151+00;2026-03-09 21:43:44.498151+00;0;0;0;0;0;0;0;2026-03-09 21:43:44.498151+00;
d29c865f-9b82-4f93-ac21-db72e2c7226b;6bcc331c-de05-4514-9451-1be4170fb4e4;01803f55-8bdf-4d94-b8be-14bcda04a8ff;2026-03-09 21:43:45.255276+00;2026-03-09 21:43:45.255276+00;0;0;0;0;0;0;0;2026-03-09 21:43:45.255276+00;
856f2a81-b654-43a9-9c1d-a88b296ff87d;6bcc331c-de05-4514-9451-1be4170fb4e4;01803f55-8bdf-4d94-b8be-14bcda04a8ff;2026-03-09 21:43:45.983073+00;2026-03-09 21:43:45.983073+00;0;0;0;0;0;0;0;2026-03-09 21:43:45.983073+00;
4eb4bf44-d0ea-4d9a-bb54-6932ce0eaebe;6bcc331c-de05-4514-9451-1be4170fb4e4;01803f55-8bdf-4d94-b8be-14bcda04a8ff;2026-03-09 21:43:46.770576+00;2026-03-09 21:43:46.770576+00;0;0;0;0;0;0;0;2026-03-09 21:43:46.770576+00;
94612c64-ff3f-4c0c-9e5e-9e2a4bf1fed7;6bcc331c-de05-4514-9451-1be4170fb4e4;01803f55-8bdf-4d94-b8be-14bcda04a8ff;2026-03-09 21:43:47.487801+00;2026-03-09 21:43:47.487801+00;0;0;0;0;0;0;0;2026-03-09 21:43:47.487801+00;
fd766296-1535-4a55-bf37-5bdf240fc2f2;6bcc331c-de05-4514-9451-1be4170fb4e4;01803f55-8bdf-4d94-b8be-14bcda04a8ff;2026-03-09 21:43:48.270884+00;2026-03-09 21:43:48.270884+00;0;0;0;0;0;0;0;2026-03-09 21:43:48.270884+00;
c11e5559-1caa-4d8d-abe9-1468d6e4b97a;6bcc331c-de05-4514-9451-1be4170fb4e4;01803f55-8bdf-4d94-b8be-14bcda04a8ff;2026-03-09 21:43:48.986882+00;2026-03-09 21:43:48.986882+00;0;0;0;0;0;0;0;2026-03-09 21:43:48.986882+00;
57d8fb7e-ca83-49f4-8f01-b46160903792;6bcc331c-de05-4514-9451-1be4170fb4e4;01803f55-8bdf-4d94-b8be-14bcda04a8ff;2026-03-09 21:43:49.642939+00;2026-03-09 21:43:49.642939+00;0;0;0;0;0;0;0;2026-03-09 21:43:49.642939+00;
908721b4-255e-43c6-8d5e-6937f23f0721;6bcc331c-de05-4514-9451-1be4170fb4e4;01803f55-8bdf-4d94-b8be-14bcda04a8ff;2026-03-09 21:43:50.442798+00;2026-03-09 21:43:50.442798+00;0;0;0;0;0;0;0;2026-03-09 21:43:50.442798+00;
0f638283-4b6a-4c5d-a5af-f5708bb1b81c;6bcc331c-de05-4514-9451-1be4170fb4e4;01803f55-8bdf-4d94-b8be-14bcda04a8ff;2026-03-09 21:43:51.145163+00;2026-03-09 21:43:51.145163+00;0;0;0;0;0;0;0;2026-03-09 21:43:51.145163+00;
7a555c57-ab51-4ff5-841f-9ecb867f9a65;6bcc331c-de05-4514-9451-1be4170fb4e4;01803f55-8bdf-4d94-b8be-14bcda04a8ff;2026-03-09 21:43:51.7848+00;2026-03-09 21:43:51.7848+00;0;0;0;0;0;0;0;2026-03-09 21:43:51.7848+00;
09cc7cb8-db19-42d1-9730-ba0a8e83ad6a;6bcc331c-de05-4514-9451-1be4170fb4e4;01803f55-8bdf-4d94-b8be-14bcda04a8ff;2026-03-09 21:43:52.523012+00;2026-03-09 21:43:52.523012+00;0;0;0;0;0;0;0;2026-03-09 21:43:52.523012+00;
c0519ea8-0a0d-4e02-8f7a-363a9cbd4e62;6bcc331c-de05-4514-9451-1be4170fb4e4;01803f55-8bdf-4d94-b8be-14bcda04a8ff;2026-03-09 21:43:53.274513+00;2026-03-09 21:43:53.274513+00;0;0;0;0;0;0;0;2026-03-09 21:43:53.274513+00;
2ddef65f-ebbc-416e-81a9-d4a7a202dae9;6bcc331c-de05-4514-9451-1be4170fb4e4;01803f55-8bdf-4d94-b8be-14bcda04a8ff;2026-03-09 21:43:54.04606+00;2026-03-09 21:43:54.04606+00;0;0;0;0;0;0;0;2026-03-09 21:43:54.04606+00;
579ec17a-f410-42ea-877f-7e1e3a64ed0d;6bcc331c-de05-4514-9451-1be4170fb4e4;01803f55-8bdf-4d94-b8be-14bcda04a8ff;2026-03-09 21:43:54.760816+00;2026-03-09 21:43:54.760816+00;0;0;0;0;0;0;0;2026-03-09 21:43:54.760816+00;
3a30fd68-7c13-4653-b12c-f7baae922df9;6bcc331c-de05-4514-9451-1be4170fb4e4;01803f55-8bdf-4d94-b8be-14bcda04a8ff;2026-03-09 21:43:55.417665+00;2026-03-09 21:43:55.417665+00;0;0;0;0;0;0;0;2026-03-09 21:43:55.417665+00;
156c1195-caab-4484-979a-81f5695ce992;6bcc331c-de05-4514-9451-1be4170fb4e4;01803f55-8bdf-4d94-b8be-14bcda04a8ff;2026-03-09 21:43:56.204629+00;2026-03-09 21:43:56.204629+00;0;0;0;0;0;0;0;2026-03-09 21:43:56.204629+00;
ca04a7cf-de44-4bbc-bdb3-ae4510e5a665;6bcc331c-de05-4514-9451-1be4170fb4e4;01803f55-8bdf-4d94-b8be-14bcda04a8ff;2026-03-09 21:43:56.867094+00;2026-03-09 21:43:56.867094+00;0;0;0;0;0;0;0;2026-03-09 21:43:56.867094+00;
3831f6cb-600a-4064-b6ce-8ab9168fb06f;6bcc331c-de05-4514-9451-1be4170fb4e4;01803f55-8bdf-4d94-b8be-14bcda04a8ff;2026-03-09 21:43:57.559941+00;2026-03-09 21:43:57.559941+00;0;0;0;0;0;0;0;2026-03-09 21:43:57.559941+00;
e86ad6e6-dbff-4262-9cd1-52068869b611;6bcc331c-de05-4514-9451-1be4170fb4e4;01803f55-8bdf-4d94-b8be-14bcda04a8ff;2026-03-09 21:43:58.365193+00;2026-03-09 21:43:58.365193+00;0;0;0;0;0;0;0;2026-03-09 21:43:58.365193+00;
9e70ccb8-7818-48ec-8455-7266570b4722;6bcc331c-de05-4514-9451-1be4170fb4e4;01803f55-8bdf-4d94-b8be-14bcda04a8ff;2026-03-09 21:43:59.091674+00;2026-03-09 21:43:59.091674+00;0;0;0;0;0;0;0;2026-03-09 21:43:59.091674+00;
f13fd40c-be75-45e0-b626-db1ea7e8d748;6bcc331c-de05-4514-9451-1be4170fb4e4;01803f55-8bdf-4d94-b8be-14bcda04a8ff;2026-03-09 21:43:59.88657+00;2026-03-09 21:43:59.88657+00;0;0;0;0;0;0;0;2026-03-09 21:43:59.88657+00;
a3a282c7-9272-4dec-8045-d87eb8b820e2;6bcc331c-de05-4514-9451-1be4170fb4e4;01803f55-8bdf-4d94-b8be-14bcda04a8ff;2026-03-09 21:44:00.591515+00;2026-03-09 21:44:00.591515+00;0;0;0;0;0;0;0;2026-03-09 21:44:00.591515+00;
47dd2639-5788-43d9-a354-a05899a51416;6bcc331c-de05-4514-9451-1be4170fb4e4;01803f55-8bdf-4d94-b8be-14bcda04a8ff;2026-03-09 21:44:01.379155+00;2026-03-09 21:44:01.379155+00;0;0;0;0;0;0;0;2026-03-09 21:44:01.379155+00;
b8331f6e-2895-40f5-962f-68bc1e6c7f70;6bcc331c-de05-4514-9451-1be4170fb4e4;01803f55-8bdf-4d94-b8be-14bcda04a8ff;2026-03-09 21:44:02.083816+00;2026-03-09 21:44:02.083816+00;0;0;0;0;0;0;0;2026-03-09 21:44:02.083816+00;
5eec6ac4-f5d7-49d5-b4ac-27cfc6ab792e;6bcc331c-de05-4514-9451-1be4170fb4e4;01803f55-8bdf-4d94-b8be-14bcda04a8ff;2026-03-09 21:44:02.737298+00;2026-03-09 21:44:02.737298+00;0;0;0;0;0;0;0;2026-03-09 21:44:02.737298+00;
ef838642-f18d-4bdb-9b7c-6363bc069e2d;6bcc331c-de05-4514-9451-1be4170fb4e4;01803f55-8bdf-4d94-b8be-14bcda04a8ff;2026-03-09 21:44:04.196779+00;2026-03-09 21:44:04.196779+00;0;0;0;0;0;0;0;2026-03-09 21:44:04.196779+00;
ab84662e-1c51-482e-9c3e-df652e798e11;6bcc331c-de05-4514-9451-1be4170fb4e4;01803f55-8bdf-4d94-b8be-14bcda04a8ff;2026-03-09 21:44:04.949705+00;2026-03-09 21:44:04.949705+00;0;0;0;0;0;0;0;2026-03-09 21:44:04.949705+00;
1260d0bb-cba6-47f0-b2b4-9f8e4897a08f;6bcc331c-de05-4514-9451-1be4170fb4e4;01803f55-8bdf-4d94-b8be-14bcda04a8ff;2026-03-09 21:44:05.738116+00;2026-03-09 21:44:05.738116+00;0;0;0;0;0;0;0;2026-03-09 21:44:05.738116+00;
5cfa776d-48e7-40d9-a27e-f588d279c72f;6bcc331c-de05-4514-9451-1be4170fb4e4;01803f55-8bdf-4d94-b8be-14bcda04a8ff;2026-03-09 21:43:34.385047+00;2026-03-09 21:43:34.385047+00;0;0;0;0;0;0;0;2026-03-09 21:43:34.385047+00;
7b766309-010b-49a8-9376-21a8c215ee13;6bcc331c-de05-4514-9451-1be4170fb4e4;01803f55-8bdf-4d94-b8be-14bcda04a8ff;2026-03-09 21:43:35.075295+00;2026-03-09 21:43:35.075295+00;0;0;0;0;0;0;0;2026-03-09 21:43:35.075295+00;
ec945dcc-b54d-488d-bbe4-ce0b6c72b29f;6bcc331c-de05-4514-9451-1be4170fb4e4;01803f55-8bdf-4d94-b8be-14bcda04a8ff;2026-03-09 21:43:35.83959+00;2026-03-09 21:43:35.83959+00;0;0;0;0;0;0;0;2026-03-09 21:43:35.83959+00;
daf5bc6b-4b8b-4296-8122-e6f68c33d787;6bcc331c-de05-4514-9451-1be4170fb4e4;01803f55-8bdf-4d94-b8be-14bcda04a8ff;2026-03-09 21:43:36.550658+00;2026-03-09 21:43:36.550658+00;0;0;0;0;0;0;0;2026-03-09 21:43:36.550658+00;
b7fad9cf-6317-41ad-90de-b40ebe6cbc03;6bcc331c-de05-4514-9451-1be4170fb4e4;01803f55-8bdf-4d94-b8be-14bcda04a8ff;2026-03-09 21:43:37.274357+00;2026-03-09 21:43:37.274357+00;0;0;0;0;0;0;0;2026-03-09 21:43:37.274357+00;
06f57ffa-df29-4066-8fcb-4982eab3d586;6bcc331c-de05-4514-9451-1be4170fb4e4;01803f55-8bdf-4d94-b8be-14bcda04a8ff;2026-03-09 21:43:37.990997+00;2026-03-09 21:43:37.990997+00;0;0;0;0;0;0;0;2026-03-09 21:43:37.990997+00;
3fd83e3f-4177-42d9-91d5-e91e7935e84a;6bcc331c-de05-4514-9451-1be4170fb4e4;01803f55-8bdf-4d94-b8be-14bcda04a8ff;2026-03-09 21:43:38.693975+00;2026-03-09 21:43:38.693975+00;0;0;0;0;0;0;0;2026-03-09 21:43:38.693975+00;
4ecee133-f3b0-47d2-891b-029fa83d1290;6bcc331c-de05-4514-9451-1be4170fb4e4;01803f55-8bdf-4d94-b8be-14bcda04a8ff;2026-03-09 21:43:39.488667+00;2026-03-09 21:43:39.488667+00;0;0;0;0;0;0;0;2026-03-09 21:43:39.488667+00;
f6fff4bb-4829-4c2c-b0e1-e8c57dd1ab9a;6bcc331c-de05-4514-9451-1be4170fb4e4;01803f55-8bdf-4d94-b8be-14bcda04a8ff;2026-03-09 21:43:40.197913+00;2026-03-09 21:43:40.197913+00;0;0;0;0;0;0;0;2026-03-09 21:43:40.197913+00;
6762ac0d-fe73-48c6-bc6f-ebaf441eac35;6bcc331c-de05-4514-9451-1be4170fb4e4;01803f55-8bdf-4d94-b8be-14bcda04a8ff;2026-03-09 21:43:40.993695+00;2026-03-09 21:43:40.993695+00;0;0;0;0;0;0;0;2026-03-09 21:43:40.993695+00;
9de4f4df-9ffd-41c3-9763-b923b65ce9af;6bcc331c-de05-4514-9451-1be4170fb4e4;01803f55-8bdf-4d94-b8be-14bcda04a8ff;2026-03-09 21:43:41.724968+00;2026-03-09 21:43:41.724968+00;0;0;0;0;0;0;0;2026-03-09 21:43:41.724968+00;
f74f1011-8662-4854-9cd6-e520439b7ba8;6bcc331c-de05-4514-9451-1be4170fb4e4;01803f55-8bdf-4d94-b8be-14bcda04a8ff;2026-03-09 21:43:42.50186+00;2026-03-09 21:43:42.50186+00;0;0;0;0;0;0;0;2026-03-09 21:43:42.50186+00;
13d3c3a3-deb9-48d8-9b80-3fd2160abaa8;6bcc331c-de05-4514-9451-1be4170fb4e4;01803f55-8bdf-4d94-b8be-14bcda04a8ff;2026-03-09 21:43:43.169703+00;2026-03-09 21:43:43.169703+00;0;0;0;0;0;0;0;2026-03-09 21:43:43.169703+00;
eaed4ffb-3630-4c24-a217-8498c878fbd2;6bcc331c-de05-4514-9451-1be4170fb4e4;01803f55-8bdf-4d94-b8be-14bcda04a8ff;2026-03-09 21:43:43.887706+00;2026-03-09 21:43:43.887706+00;0;0;0;0;0;0;0;2026-03-09 21:43:43.887706+00;
b3a4d939-c170-4b3c-b743-471efcb3ceb0;6bcc331c-de05-4514-9451-1be4170fb4e4;01803f55-8bdf-4d94-b8be-14bcda04a8ff;2026-03-09 21:43:44.672945+00;2026-03-09 21:43:44.672945+00;0;0;0;0;0;0;0;2026-03-09 21:43:44.672945+00;
a8efbf5a-f0fd-400e-881e-1cc7f20a8f32;6bcc331c-de05-4514-9451-1be4170fb4e4;01803f55-8bdf-4d94-b8be-14bcda04a8ff;2026-03-09 21:43:45.380926+00;2026-03-09 21:43:45.380926+00;0;0;0;0;0;0;0;2026-03-09 21:43:45.380926+00;
3fb4b0c7-756f-4650-b189-956c6f9c1468;6bcc331c-de05-4514-9451-1be4170fb4e4;01803f55-8bdf-4d94-b8be-14bcda04a8ff;2026-03-09 21:43:46.185755+00;2026-03-09 21:43:46.185755+00;0;0;0;0;0;0;0;2026-03-09 21:43:46.185755+00;
549a6243-8474-434b-ac7a-9039a140b4fa;6bcc331c-de05-4514-9451-1be4170fb4e4;01803f55-8bdf-4d94-b8be-14bcda04a8ff;2026-03-09 21:43:46.901009+00;2026-03-09 21:43:46.901009+00;0;0;0;0;0;0;0;2026-03-09 21:43:46.901009+00;
62c01140-b476-4f2e-b538-bd1ba893bfbe;6bcc331c-de05-4514-9451-1be4170fb4e4;01803f55-8bdf-4d94-b8be-14bcda04a8ff;2026-03-09 21:43:47.613095+00;2026-03-09 21:43:47.613095+00;0;0;0;0;0;0;0;2026-03-09 21:43:47.613095+00;
bbf06b3e-66c0-41b4-b33b-17cb48f7aa3b;6bcc331c-de05-4514-9451-1be4170fb4e4;01803f55-8bdf-4d94-b8be-14bcda04a8ff;2026-03-09 21:43:48.408089+00;2026-03-09 21:43:48.408089+00;0;0;0;0;0;0;0;2026-03-09 21:43:48.408089+00;
ddb2d4e9-6d3b-4ae7-8234-cbd9160c9ba5;6bcc331c-de05-4514-9451-1be4170fb4e4;01803f55-8bdf-4d94-b8be-14bcda04a8ff;2026-03-09 21:43:49.105797+00;2026-03-09 21:43:49.105797+00;0;0;0;0;0;0;0;2026-03-09 21:43:49.105797+00;
8e325a81-9a91-4b5a-9834-d7698748c7ed;6bcc331c-de05-4514-9451-1be4170fb4e4;01803f55-8bdf-4d94-b8be-14bcda04a8ff;2026-03-09 21:43:49.852411+00;2026-03-09 21:43:49.852411+00;0;0;0;0;0;0;0;2026-03-09 21:43:49.852411+00;
e2319a30-5cdf-4b7d-8a46-5b8995f44dc3;6bcc331c-de05-4514-9451-1be4170fb4e4;01803f55-8bdf-4d94-b8be-14bcda04a8ff;2026-03-09 21:43:50.578116+00;2026-03-09 21:43:50.578116+00;0;0;0;0;0;0;0;2026-03-09 21:43:50.578116+00;
3b1ff8ca-502f-4bee-a738-1031b955553d;6bcc331c-de05-4514-9451-1be4170fb4e4;01803f55-8bdf-4d94-b8be-14bcda04a8ff;2026-03-09 21:43:51.256982+00;2026-03-09 21:43:51.256982+00;0;0;0;0;0;0;0;2026-03-09 21:43:51.256982+00;
b286da02-cdb0-401e-ada6-8f17f7053088;6bcc331c-de05-4514-9451-1be4170fb4e4;01803f55-8bdf-4d94-b8be-14bcda04a8ff;2026-03-09 21:43:51.947578+00;2026-03-09 21:43:51.947578+00;0;0;0;0;0;0;0;2026-03-09 21:43:51.947578+00;
f2cdfbde-7e85-4eb6-8e35-cf3b30648fec;6bcc331c-de05-4514-9451-1be4170fb4e4;01803f55-8bdf-4d94-b8be-14bcda04a8ff;2026-03-09 21:43:52.656977+00;2026-03-09 21:43:52.656977+00;0;0;0;0;0;0;0;2026-03-09 21:43:52.656977+00;
c40a8308-5a2d-4048-bb2c-969109a6be94;6bcc331c-de05-4514-9451-1be4170fb4e4;01803f55-8bdf-4d94-b8be-14bcda04a8ff;2026-03-09 21:43:53.408824+00;2026-03-09 21:43:53.408824+00;0;0;0;0;0;0;0;2026-03-09 21:43:53.408824+00;
4d722fc7-8193-45b3-b57d-5819a5dbe1c0;6bcc331c-de05-4514-9451-1be4170fb4e4;01803f55-8bdf-4d94-b8be-14bcda04a8ff;2026-03-09 21:43:54.178926+00;2026-03-09 21:43:54.178926+00;0;0;0;0;0;0;0;2026-03-09 21:43:54.178926+00;
e626c3d0-a491-419e-9e18-958384363687;6bcc331c-de05-4514-9451-1be4170fb4e4;01803f55-8bdf-4d94-b8be-14bcda04a8ff;2026-03-09 21:43:54.878269+00;2026-03-09 21:43:54.878269+00;0;0;0;0;0;0;0;2026-03-09 21:43:54.878269+00;
864e61e4-5eb0-47ea-b1b5-01aa5f6d521a;6bcc331c-de05-4514-9451-1be4170fb4e4;01803f55-8bdf-4d94-b8be-14bcda04a8ff;2026-03-09 21:43:55.622743+00;2026-03-09 21:43:55.622743+00;0;0;0;0;0;0;0;2026-03-09 21:43:55.622743+00;
7926a72a-4294-4570-8f63-8cbfce626131;6bcc331c-de05-4514-9451-1be4170fb4e4;01803f55-8bdf-4d94-b8be-14bcda04a8ff;2026-03-09 21:43:56.324077+00;2026-03-09 21:43:56.324077+00;0;0;0;0;0;0;0;2026-03-09 21:43:56.324077+00;
9c8dfe55-6f7a-4bb9-bb44-5702dbab14f6;6bcc331c-de05-4514-9451-1be4170fb4e4;01803f55-8bdf-4d94-b8be-14bcda04a8ff;2026-03-09 21:43:57.770611+00;2026-03-09 21:43:57.770611+00;0;0;0;0;0;0;0;2026-03-09 21:43:57.770611+00;
8ab84aef-b554-456d-95b7-9e41b7d612ec;6bcc331c-de05-4514-9451-1be4170fb4e4;01803f55-8bdf-4d94-b8be-14bcda04a8ff;2026-03-09 21:43:58.505751+00;2026-03-09 21:43:58.505751+00;0;0;0;0;0;0;0;2026-03-09 21:43:58.505751+00;
20a02761-a34c-4b5a-a183-64a97882cb7d;6bcc331c-de05-4514-9451-1be4170fb4e4;01803f55-8bdf-4d94-b8be-14bcda04a8ff;2026-03-09 21:43:59.291159+00;2026-03-09 21:43:59.291159+00;0;0;0;0;0;0;0;2026-03-09 21:43:59.291159+00;
9c485251-c4b2-4e01-bef2-feaae1c5f678;6bcc331c-de05-4514-9451-1be4170fb4e4;01803f55-8bdf-4d94-b8be-14bcda04a8ff;2026-03-09 21:44:00.016006+00;2026-03-09 21:44:00.016006+00;0;0;0;0;0;0;0;2026-03-09 21:44:00.016006+00;
6027c655-2757-4ab4-909b-9e30e91ac0e5;6bcc331c-de05-4514-9451-1be4170fb4e4;01803f55-8bdf-4d94-b8be-14bcda04a8ff;2026-03-09 21:44:00.705925+00;2026-03-09 21:44:00.705925+00;0;0;0;0;0;0;0;2026-03-09 21:44:00.705925+00;
58097b54-5f52-4dba-a500-60d4869e7d36;6bcc331c-de05-4514-9451-1be4170fb4e4;01803f55-8bdf-4d94-b8be-14bcda04a8ff;2026-03-09 21:44:01.522023+00;2026-03-09 21:44:01.522023+00;0;0;0;0;0;0;0;2026-03-09 21:44:01.522023+00;
2142430b-caca-421e-a784-84f2db6acd77;6bcc331c-de05-4514-9451-1be4170fb4e4;01803f55-8bdf-4d94-b8be-14bcda04a8ff;2026-03-09 21:44:02.199423+00;2026-03-09 21:44:02.199423+00;0;0;0;0;0;0;0;2026-03-09 21:44:02.199423+00;
a4317c01-beac-4a6d-870b-7b150b8d67df;6bcc331c-de05-4514-9451-1be4170fb4e4;01803f55-8bdf-4d94-b8be-14bcda04a8ff;2026-03-09 21:44:02.856525+00;2026-03-09 21:44:02.856525+00;0;0;0;0;0;0;0;2026-03-09 21:44:02.856525+00;
e25562fa-5f6b-436b-9148-f3bb49d15ff2;6bcc331c-de05-4514-9451-1be4170fb4e4;01803f55-8bdf-4d94-b8be-14bcda04a8ff;2026-03-09 21:44:03.605435+00;2026-03-09 21:44:03.605435+00;0;0;0;0;0;0;0;2026-03-09 21:44:03.605435+00;
7f11641c-a564-4c09-abf2-090b0e18f1bc;6bcc331c-de05-4514-9451-1be4170fb4e4;01803f55-8bdf-4d94-b8be-14bcda04a8ff;2026-03-09 21:44:04.324578+00;2026-03-09 21:44:04.324578+00;0;0;0;0;0;0;0;2026-03-09 21:44:04.324578+00;
2d5b8099-9bf7-4da7-acee-93bf14a41ca5;6bcc331c-de05-4514-9451-1be4170fb4e4;01803f55-8bdf-4d94-b8be-14bcda04a8ff;2026-03-09 21:44:05.112408+00;2026-03-09 21:44:05.112408+00;0;0;0;0;0;0;0;2026-03-09 21:44:05.112408+00;
ba330f6d-4f53-4190-acf5-93c1ac71ca65;6bcc331c-de05-4514-9451-1be4170fb4e4;01803f55-8bdf-4d94-b8be-14bcda04a8ff;2026-04-20 21:34:43.114992+00;2026-04-20 21:34:43.114992+00;0;0;0;0;0;0;0;2026-04-20 21:34:43.114992+00;
b7b8a7ff-2b74-481c-ade3-9ff4a3ea9574;6bcc331c-de05-4514-9451-1be4170fb4e4;01803f55-8bdf-4d94-b8be-14bcda04a8ff;2026-04-20 21:35:11.147931+00;2026-04-20 21:35:11.147931+00;0;0;0;0;0;0;0;2026-04-20 21:35:11.147931+00;
faead516-d01e-4e98-96d6-80c77be1def1;622ee5f6-f2da-4c5c-93e1-01dc843e9014;01803f55-8bdf-4d94-b8be-14bcda04a8ff;2026-05-18 21:27:32.139447+00;2026-05-18 21:27:32.139447+00;0;0;0;0;0;0;0;2026-05-18 21:27:32.139447+00;
94905384-ca7d-4754-bbf0-b9a397912885;6bcc331c-de05-4514-9451-1be4170fb4e4;01803f55-8bdf-4d94-b8be-14bcda04a8ff;2026-05-22 09:19:39.825527+00;2026-05-22 09:19:39.825527+00;0;0;0;0;0;0;0;2026-05-22 09:19:39.825527+00;
ae265f19-eb10-4550-b9e3-2edf1ec9ff1c;6bcc331c-de05-4514-9451-1be4170fb4e4;01803f55-8bdf-4d94-b8be-14bcda04a8ff;2026-05-27 10:37:46.041805+00;2026-05-27 10:37:46.041805+00;0;0;0;0;0;0;0;2026-05-27 10:37:46.041805+00;
64947be1-1e55-4344-9efc-f59a0aafdf63;6bcc331c-de05-4514-9451-1be4170fb4e4;01803f55-8bdf-4d94-b8be-14bcda04a8ff;2026-05-27 10:38:29.843932+00;2026-05-27 10:38:29.843932+00;0;0;0;0;0;0;0;2026-05-27 10:38:29.843932+00;
686b51ac-271a-456d-83b5-f71dfcce2630;6bcc331c-de05-4514-9451-1be4170fb4e4;01803f55-8bdf-4d94-b8be-14bcda04a8ff;2026-05-27 10:43:22.249389+00;2026-05-27 10:43:22.249389+00;0;0;0;0;0;0;0;2026-05-27 10:43:22.249389+00;
7fb59fed-e671-45a0-a35b-19dd595113a4;6bcc331c-de05-4514-9451-1be4170fb4e4;01803f55-8bdf-4d94-b8be-14bcda04a8ff;2026-05-28 13:18:08.513633+00;2026-05-28 13:18:08.513633+00;0;0;0;0;0;0;0;2026-05-28 13:18:08.513633+00;
6d63fc1e-46cb-4114-93db-9b43dcca995d;6bcc331c-de05-4514-9451-1be4170fb4e4;01803f55-8bdf-4d94-b8be-14bcda04a8ff;2026-06-03 19:30:16.395536+00;2026-06-03 19:30:16.395536+00;0;0;0;0;0;0;0;2026-06-03 19:30:16.395536+00;
495330d5-7b57-4468-946f-ee376814d22d;6bcc331c-de05-4514-9451-1be4170fb4e4;01803f55-8bdf-4d94-b8be-14bcda04a8ff;2026-06-03 19:30:58.77867+00;2026-06-03 19:30:58.77867+00;0;0;0;0;0;0;0;2026-06-03 19:30:58.77867+00;
2c07844b-5be3-4642-ad4c-715fab5dc60b;6bcc331c-de05-4514-9451-1be4170fb4e4;01803f55-8bdf-4d94-b8be-14bcda04a8ff;2026-06-05 08:51:52.039366+00;2026-06-05 08:51:52.039366+00;0;0;0;0;0;0;0;2026-06-05 08:51:52.039366+00;
d370ce0e-7f97-457f-9be7-175d58713f30;6bcc331c-de05-4514-9451-1be4170fb4e4;01803f55-8bdf-4d94-b8be-14bcda04a8ff;2026-06-05 11:38:18.521696+00;2026-06-05 11:38:18.521696+00;0;0;0;0;0;0;0;2026-06-05 11:38:18.521696+00;
e4372890-9bf3-41d8-9b35-6d44fd134759;6bcc331c-de05-4514-9451-1be4170fb4e4;01803f55-8bdf-4d94-b8be-14bcda04a8ff;2026-06-05 11:53:05.305623+00;2026-06-05 11:53:05.305623+00;0;0;0;0;0;0;0;2026-06-05 11:53:05.305623+00;
f774d462-d7e2-4378-bb01-027389ced0fd;6bcc331c-de05-4514-9451-1be4170fb4e4;01803f55-8bdf-4d94-b8be-14bcda04a8ff;2026-06-05 11:55:46.003319+00;2026-06-05 11:55:46.003319+00;0;0;0;0;0;0;0;2026-06-05 11:55:46.003319+00;
3f94f307-6939-459a-83cd-6de2956f8dfd;6bcc331c-de05-4514-9451-1be4170fb4e4;01803f55-8bdf-4d94-b8be-14bcda04a8ff;2026-06-05 11:56:39.722994+00;2026-06-05 11:56:39.722994+00;0;0;0;0;0;0;0;2026-06-05 11:56:39.722994+00;
8b6a3c5d-1622-4f71-9e39-c72c67c2a3ef;6bcc331c-de05-4514-9451-1be4170fb4e4;01803f55-8bdf-4d94-b8be-14bcda04a8ff;2026-06-05 11:57:03.474873+00;2026-06-05 11:57:03.474873+00;0;0;0;0;0;0;0;2026-06-05 11:57:03.474873+00;
f7c4413c-f3c7-42e6-b3c1-9c51aafc2422;6bcc331c-de05-4514-9451-1be4170fb4e4;01803f55-8bdf-4d94-b8be-14bcda04a8ff;2026-06-05 11:57:42.783202+00;2026-06-05 11:57:42.783202+00;0;0;0;0;0;0;0;2026-06-05 11:57:42.783202+00;
50903f4d-f2d3-460c-a798-68da591378e0;6bcc331c-de05-4514-9451-1be4170fb4e4;01803f55-8bdf-4d94-b8be-14bcda04a8ff;2026-06-05 11:58:04.161601+00;2026-06-05 11:58:04.161601+00;0;0;0;0;0;0;0;2026-06-05 11:58:04.161601+00;
d677b7a2-352a-4d06-bef2-b541b7436f40;6bcc331c-de05-4514-9451-1be4170fb4e4;01803f55-8bdf-4d94-b8be-14bcda04a8ff;2026-06-05 12:54:51.419756+00;2026-06-05 12:54:51.419756+00;0;0;0;0;0;0;0;2026-06-05 12:54:51.419756+00;
f5ca14af-3b5b-4b2b-8854-2a1df1e71823;6bcc331c-de05-4514-9451-1be4170fb4e4;01803f55-8bdf-4d94-b8be-14bcda04a8ff;2026-06-05 13:00:17.327634+00;2026-06-05 13:00:17.327634+00;0;0;0;0;0;0;0;2026-06-05 13:00:17.327634+00;
c3cb7707-09e5-4210-9b9e-ee542e5eb992;6bcc331c-de05-4514-9451-1be4170fb4e4;01803f55-8bdf-4d94-b8be-14bcda04a8ff;2026-06-05 13:01:24.09041+00;2026-06-05 13:01:24.09041+00;0;0;0;0;0;0;0;2026-06-05 13:01:24.09041+00;
1042a6a5-5954-41e8-b80e-9e78e18dc8c5;6bcc331c-de05-4514-9451-1be4170fb4e4;01803f55-8bdf-4d94-b8be-14bcda04a8ff;2026-06-05 13:02:14.376089+00;2026-06-05 13:02:14.376089+00;0;0;0;0;0;0;0;2026-06-05 13:02:14.376089+00;
09daee96-68ab-42ac-8650-01b5f0a09f8b;6bcc331c-de05-4514-9451-1be4170fb4e4;01803f55-8bdf-4d94-b8be-14bcda04a8ff;2026-06-05 13:04:49.286468+00;2026-06-05 13:04:49.286468+00;0;0;0;0;0;0;0;2026-06-05 13:04:49.286468+00;
29cbe9ca-2e9b-49e1-940d-4715d49416fa;6bcc331c-de05-4514-9451-1be4170fb4e4;01803f55-8bdf-4d94-b8be-14bcda04a8ff;2026-06-05 13:06:12.678266+00;2026-06-05 13:06:12.678266+00;0;0;0;0;0;0;0;2026-06-05 13:06:12.678266+00;
5b159c13-cf64-4664-8e06-afa4e5008acf;6bcc331c-de05-4514-9451-1be4170fb4e4;01803f55-8bdf-4d94-b8be-14bcda04a8ff;2026-06-05 20:31:29.307935+00;2026-06-05 20:31:29.307935+00;0;0;0;0;0;0;0;2026-06-05 20:31:29.307935+00;
6f5f1a7f-f22c-481e-855c-8ece12af7f87;6bcc331c-de05-4514-9451-1be4170fb4e4;01803f55-8bdf-4d94-b8be-14bcda04a8ff;2026-06-06 08:35:23.078383+00;2026-06-06 08:35:23.078383+00;0;0;0;0;0;0;0;2026-06-06 08:35:23.078383+00;
095fb96b-c8e0-444c-a9d5-a7d62defb22d;6bcc331c-de05-4514-9451-1be4170fb4e4;01803f55-8bdf-4d94-b8be-14bcda04a8ff;2026-06-06 08:50:56.567737+00;2026-06-06 08:50:56.567737+00;0;0;0;0;0;0;0;2026-06-06 08:50:56.567737+00;
43052f47-1e66-45fb-8d48-b21993b042d2;6bcc331c-de05-4514-9451-1be4170fb4e4;01803f55-8bdf-4d94-b8be-14bcda04a8ff;2026-06-06 08:54:23.271408+00;2026-06-06 08:54:23.271408+00;0;0;0;0;0;0;0;2026-06-06 08:54:23.271408+00;
ddac8c83-ef60-4a55-9175-5eaa5e52213d;6bcc331c-de05-4514-9451-1be4170fb4e4;01803f55-8bdf-4d94-b8be-14bcda04a8ff;2026-06-06 08:56:48.377105+00;2026-06-06 08:56:48.377105+00;0;0;0;0;0;0;0;2026-06-06 08:56:48.377105+00;
96741dc7-92c4-4084-a755-8f92ef9c65da;6bcc331c-de05-4514-9451-1be4170fb4e4;01803f55-8bdf-4d94-b8be-14bcda04a8ff;2026-06-06 11:18:33.955567+00;2026-06-06 11:18:33.955567+00;0;0;0;0;0;0;0;2026-06-06 11:18:33.955567+00;
d490e7dc-4382-4f92-98f0-7b4941c0e685;6bcc331c-de05-4514-9451-1be4170fb4e4;01803f55-8bdf-4d94-b8be-14bcda04a8ff;2026-06-06 11:19:12.303173+00;2026-06-06 11:19:12.303173+00;0;0;0;0;0;0;0;2026-06-06 11:19:12.303173+00;
46eced19-34df-4ed5-aec0-b30a539fedc0;6bcc331c-de05-4514-9451-1be4170fb4e4;01803f55-8bdf-4d94-b8be-14bcda04a8ff;2026-06-07 20:43:29.26959+00;2026-06-07 20:43:29.26959+00;0;0;0;0;0;0;0;2026-06-07 20:43:29.26959+00;
2b58fa6f-bc21-44fe-afb7-d56c87f7e61d;6bcc331c-de05-4514-9451-1be4170fb4e4;01803f55-8bdf-4d94-b8be-14bcda04a8ff;2026-06-07 20:44:13.338622+00;2026-06-07 20:44:13.338622+00;0;0;0;0;0;0;0;2026-06-07 20:44:13.338622+00;
964e4267-234d-494c-b94e-d58d2a3513ba;6bcc331c-de05-4514-9451-1be4170fb4e4;01803f55-8bdf-4d94-b8be-14bcda04a8ff;2026-06-07 20:47:18.656574+00;2026-06-07 20:47:18.656574+00;0;0;0;0;0;0;0;2026-06-07 20:47:18.656574+00;
621f936f-957d-4bf9-b5e0-346723c4539c;6bcc331c-de05-4514-9451-1be4170fb4e4;01803f55-8bdf-4d94-b8be-14bcda04a8ff;2026-06-08 14:43:00.531153+00;2026-06-08 14:43:00.531153+00;0;0;0;0;0;0;0;2026-06-08 14:43:00.531153+00;
2b8dac04-98ba-4c0b-9307-cd80d69d7375;6bcc331c-de05-4514-9451-1be4170fb4e4;01803f55-8bdf-4d94-b8be-14bcda04a8ff;2026-06-08 14:44:02.708454+00;2026-06-08 14:44:02.708454+00;0;0;0;0;0;0;0;2026-06-08 14:44:02.708454+00;
7d92d20c-f38a-4283-9fa5-1d2f3e058da7;6bcc331c-de05-4514-9451-1be4170fb4e4;01803f55-8bdf-4d94-b8be-14bcda04a8ff;2026-06-09 19:08:36.271994+00;2026-06-09 19:08:36.271994+00;0;0;0;0;0;0;0;2026-06-09 19:08:36.271994+00;
4a24eed6-672f-4f77-94c4-cf923060233e;4c90c6af-f68d-4df5-9573-fc5ba0de72b2;01803f55-8bdf-4d94-b8be-14bcda04a8ff;2026-06-16 11:24:03.387887+00;2026-06-16 11:24:03.387887+00;0;0;0;0;0;0;0;2026-06-16 11:24:03.387887+00;
b3b631ab-d9c2-490e-9b82-427f8a7ff56f;4c90c6af-f68d-4df5-9573-fc5ba0de72b2;01803f55-8bdf-4d94-b8be-14bcda04a8ff;2026-06-16 11:25:03.302957+00;2026-06-16 11:25:03.302957+00;0;0;0;0;0;0;0;2026-06-16 11:25:03.302957+00;
23d2e121-d664-4707-b468-43291159574c;4c90c6af-f68d-4df5-9573-fc5ba0de72b2;01803f55-8bdf-4d94-b8be-14bcda04a8ff;2026-06-16 11:25:59.779323+00;2026-06-16 11:25:59.779323+00;0;0;0;0;0;0;0;2026-06-16 11:25:59.779323+00;
59194db1-3481-4550-a93a-d39c92fb10a1;6bcc331c-de05-4514-9451-1be4170fb4e4;01803f55-8bdf-4d94-b8be-14bcda04a8ff;2026-06-16 18:32:45.266094+00;2026-06-16 18:32:45.266094+00;0;0;0;0;0;0;0;2026-06-16 18:32:45.266094+00;
a86c28e3-7448-456b-9cfe-a4f09225ae5e;6bcc331c-de05-4514-9451-1be4170fb4e4;01803f55-8bdf-4d94-b8be-14bcda04a8ff;2026-06-16 18:33:13.431679+00;2026-06-16 18:33:13.431679+00;0;0;0;0;0;0;0;2026-06-16 18:33:13.431679+00;
8cf1c0f1-651d-4299-8f8e-4209c1788ccc;6bcc331c-de05-4514-9451-1be4170fb4e4;01803f55-8bdf-4d94-b8be-14bcda04a8ff;2026-06-18 19:23:27.620203+00;2026-06-18 19:23:27.620203+00;0;0;0;0;0;0;0;2026-06-18 19:23:27.620203+00;
407cc590-14b9-4f1e-a61d-78e88455840a;6bcc331c-de05-4514-9451-1be4170fb4e4;01803f55-8bdf-4d94-b8be-14bcda04a8ff;2026-06-18 19:30:50.424749+00;2026-06-18 19:30:50.424749+00;0;0;0;0;0;0;0;2026-06-18 19:30:50.424749+00;
58bc5906-982c-4c6c-8581-5a5730f564b9;6bcc331c-de05-4514-9451-1be4170fb4e4;01803f55-8bdf-4d94-b8be-14bcda04a8ff;2026-06-18 19:35:17.224558+00;2026-06-18 19:35:17.224558+00;0;0;0;0;0;0;0;2026-06-18 19:35:17.224558+00;
ef7e3dd4-ef1e-4f37-add9-f8ddd8647afd;6bcc331c-de05-4514-9451-1be4170fb4e4;01803f55-8bdf-4d94-b8be-14bcda04a8ff;2026-06-19 10:12:41.272487+00;2026-06-19 10:12:41.272487+00;0;0;0;0;0;0;0;2026-06-19 10:12:41.272487+00;
1c0dc3a2-56ac-41af-a962-08e8014850e9;6bcc331c-de05-4514-9451-1be4170fb4e4;01803f55-8bdf-4d94-b8be-14bcda04a8ff;2026-06-19 18:17:56.074588+00;2026-06-19 18:17:56.074588+00;0;0;0;0;0;0;0;2026-06-19 18:17:56.074588+00;
0c68c0e6-0fcc-4548-954c-54f363148f7f;6bcc331c-de05-4514-9451-1be4170fb4e4;01803f55-8bdf-4d94-b8be-14bcda04a8ff;2026-06-19 18:18:23.262858+00;2026-06-19 18:18:23.262858+00;0;0;0;0;0;0;0;2026-06-19 18:18:23.262858+00;
b06616e6-c6e9-41bd-94fe-0226646aa7db;6bcc331c-de05-4514-9451-1be4170fb4e4;01803f55-8bdf-4d94-b8be-14bcda04a8ff;2026-06-19 18:20:16.215648+00;2026-06-19 18:20:16.215648+00;0;0;0;0;0;0;0;2026-06-19 18:20:16.215648+00;
d1f9adf5-9fa7-4ed4-aefa-4af212a2737e;6bcc331c-de05-4514-9451-1be4170fb4e4;01803f55-8bdf-4d94-b8be-14bcda04a8ff;2026-06-21 14:09:56.202317+00;2026-06-21 14:09:56.202317+00;0;0;0;0;0;0;0;2026-06-21 14:09:56.202317+00;
790e9efc-1a80-4ad2-bb3f-1030ee8cd0f6;6bcc331c-de05-4514-9451-1be4170fb4e4;01803f55-8bdf-4d94-b8be-14bcda04a8ff;2026-06-28 07:17:50.479855+00;2026-06-28 07:17:50.479855+00;0;0;0;0;0;0;0;2026-06-28 07:17:50.479855+00;
6a9d8e43-5d7e-48c3-9f56-eb7cdcd5ccc4;6bcc331c-de05-4514-9451-1be4170fb4e4;01803f55-8bdf-4d94-b8be-14bcda04a8ff;2026-06-28 07:18:32.495089+00;2026-06-28 07:18:32.495089+00;0;0;0;0;0;0;0;2026-06-28 07:18:32.495089+00;
9746fea6-16db-42b6-ad70-7c4f70926fdd;6bcc331c-de05-4514-9451-1be4170fb4e4;01803f55-8bdf-4d94-b8be-14bcda04a8ff;2026-06-28 07:19:24.545533+00;2026-06-28 07:19:24.545533+00;0;0;0;0;0;0;0;2026-06-28 07:19:24.545533+00;
e85510aa-8d80-40ac-acf9-e0109f0d836f;6bcc331c-de05-4514-9451-1be4170fb4e4;01803f55-8bdf-4d94-b8be-14bcda04a8ff;2026-06-28 07:22:51.925548+00;2026-06-28 07:22:51.925548+00;0;0;0;0;0;0;0;2026-06-28 07:22:51.925548+00;
3c643e0d-50c0-4470-aa99-6940f04ead7b;6bcc331c-de05-4514-9451-1be4170fb4e4;01803f55-8bdf-4d94-b8be-14bcda04a8ff;2026-06-30 15:02:55.985567+00;2026-06-30 15:02:55.985567+00;0;0;0;0;0;0;0;2026-06-30 15:02:55.985567+00;
ce3a3f83-8ab0-40a8-b01f-023430e0e152;6bcc331c-de05-4514-9451-1be4170fb4e4;01803f55-8bdf-4d94-b8be-14bcda04a8ff;2026-06-30 15:05:19.571823+00;2026-06-30 15:05:19.571823+00;0;0;0;0;0;0;0;2026-06-30 15:05:19.571823+00;
bf9bbf3d-54d3-4574-80e8-5db400ada735;6bcc331c-de05-4514-9451-1be4170fb4e4;01803f55-8bdf-4d94-b8be-14bcda04a8ff;2026-07-01 13:21:07.846847+00;2026-07-01 13:21:07.846847+00;0;0;0;0;0;0;0;2026-07-01 13:21:07.846847+00;
1e5d0a8a-1124-4eac-8df2-1e8a65e675fb;6bcc331c-de05-4514-9451-1be4170fb4e4;01803f55-8bdf-4d94-b8be-14bcda04a8ff;2026-07-02 16:32:02.347924+00;2026-07-02 16:32:02.347924+00;0;0;0;0;0;0;0;2026-07-02 16:32:02.347924+00;
247c9454-71a8-4030-b221-01f5ad411530;6bcc331c-de05-4514-9451-1be4170fb4e4;01803f55-8bdf-4d94-b8be-14bcda04a8ff;2026-07-03 20:53:47.406267+00;2026-07-03 20:53:47.406267+00;0;0;0;0;0;0;0;2026-07-03 20:53:47.406267+00;
43bf78d5-fcd9-4c07-ade2-05212ab7d4a0;6bcc331c-de05-4514-9451-1be4170fb4e4;01803f55-8bdf-4d94-b8be-14bcda04a8ff;2026-07-04 07:14:21.419008+00;2026-07-04 07:14:21.419008+00;0;0;0;0;0;0;0;2026-07-04 07:14:21.419008+00;
dd330316-c6ed-496b-b3f6-f9914e2c10c1;6bcc331c-de05-4514-9451-1be4170fb4e4;01803f55-8bdf-4d94-b8be-14bcda04a8ff;2026-07-04 07:56:38.624901+00;2026-07-04 07:56:38.624901+00;0;0;0;0;0;0;0;2026-07-04 07:56:38.624901+00;
c6992833-5aed-42ba-a7c0-7d1c2253fc36;6bcc331c-de05-4514-9451-1be4170fb4e4;01803f55-8bdf-4d94-b8be-14bcda04a8ff;2026-07-04 07:58:08.382695+00;2026-07-04 07:58:08.382695+00;0;0;0;0;0;0;0;2026-07-04 07:58:08.382695+00;
ee06f4f0-2df4-4669-ba18-2f03be481001;6bcc331c-de05-4514-9451-1be4170fb4e4;01803f55-8bdf-4d94-b8be-14bcda04a8ff;2026-07-04 07:59:21.838461+00;2026-07-04 07:59:21.838461+00;0;0;0;0;0;0;0;2026-07-04 07:59:21.838461+00;
2d4e19de-bdce-44a0-9cba-2779f5180030;6bcc331c-de05-4514-9451-1be4170fb4e4;01803f55-8bdf-4d94-b8be-14bcda04a8ff;2026-07-04 08:01:45.815603+00;2026-07-04 08:01:45.815603+00;0;0;0;0;0;0;0;2026-07-04 08:01:45.815603+00;